source_anime_id,source_title,source_genre,recommended_anime_id,recommended_title,recommended_title_display,recommended_genre,recommended_studio,recommended_year,recommended_community_score,recommended_review_count,recommended_positive_ratio,recommended_avg_sentiment,recommended_avg_review_score,recommendation_score,rank
19,MONSTER,Drama,172420,Uma Musume: Pretty Derby - Shin Jidai no Tobira,Umamusume: Pretty Derby - Beginning of a New Era,Drama,CygamesPictures,2024,87.0,4,1.0,0.8943,89.5,0.948,1
19,MONSTER,Drama,21698,Haikyuu!!: Karasuno Koukou VS Shiratorizawa Gakuen Koukou,HAIKYU!! 3rd Season,Comedy,Production I.G,2016,87.0,2,1.0,0.9219,87.5,0.948,2
19,MONSTER,Drama,154587,Sousou no Frieren,Frieren: Beyond Journey’s End,Adventure,MADHOUSE,2023,91.0,5,0.8,0.665,92.0,0.844,3
19,MONSTER,Drama,114129,Gintama: THE FINAL,Gintama: THE VERY FINAL,Action,Bandai Namco Pictures,2021,91.0,5,0.6,0.6654,99.4,0.724,4
19,MONSTER,Drama,171627,Chainsaw Man: Reze-hen,Chainsaw Man – The Movie: Reze Arc,Action,MAPPA,2025,90.0,5,0.6,0.6898,98.8,0.72,5
19,MONSTER,Drama,20996,Gintama°,Gintama Season 3,Action,Bandai Namco Pictures,2015,90.0,5,0.6,0.7406,95.4,0.72,6
19,MONSTER,Drama,124194,Fruits Basket: The Final,Fruits Basket The Final Season,Comedy,TMS Entertainment,2021,89.0,5,0.6,0.8566,88.0,0.716,7
19,MONSTER,Drama,125367,Kaguya-sama wa Kokurasetai: Ultra Romantic,Kaguya-sama: Love is War -Ultra Romantic-,Comedy,A-1 Pictures,2022,89.0,5,0.6,0.7341,95.0,0.716,8
19,MONSTER,Drama,136430,VINLAND SAGA SEASON 2,Vinland Saga Season 2,Action,MAPPA,2023,88.0,5,0.6,0.7726,96.0,0.712,9
19,MONSTER,Drama,161645,Kusuriya no Hitorigoto,The Apothecary Diaries,Drama,OLM,2023,88.0,5,0.6,0.7431,60.6,0.712,10
263,Hajime no Ippo: THE FIGHTING!,Comedy,172420,Uma Musume: Pretty Derby - Shin Jidai no Tobira,Umamusume: Pretty Derby - Beginning of a New Era,Drama,CygamesPictures,2024,87.0,4,1.0,0.8943,89.5,0.948,1
263,Hajime no Ippo: THE FIGHTING!,Comedy,21698,Haikyuu!!: Karasuno Koukou VS Shiratorizawa Gakuen Koukou,HAIKYU!! 3rd Season,Comedy,Production I.G,2016,87.0,2,1.0,0.9219,87.5,0.948,2
263,Hajime no Ippo: THE FIGHTING!,Comedy,154587,Sousou no Frieren,Frieren: Beyond Journey’s End,Adventure,MADHOUSE,2023,91.0,5,0.8,0.665,92.0,0.844,3
263,Hajime no Ippo: THE FIGHTING!,Comedy,114129,Gintama: THE FINAL,Gintama: THE VERY FINAL,Action,Bandai Namco Pictures,2021,91.0,5,0.6,0.6654,99.4,0.724,4
263,Hajime no Ippo: THE FIGHTING!,Comedy,171627,Chainsaw Man: Reze-hen,Chainsaw Man – The Movie: Reze Arc,Action,MAPPA,2025,90.0,5,0.6,0.6898,98.8,0.72,5
263,Hajime no Ippo: THE FIGHTING!,Comedy,20996,Gintama°,Gintama Season 3,Action,Bandai Namco Pictures,2015,90.0,5,0.6,0.7406,95.4,0.72,6
263,Hajime no Ippo: THE FIGHTING!,Comedy,124194,Fruits Basket: The Final,Fruits Basket The Final Season,Comedy,TMS Entertainment,2021,89.0,5,0.6,0.8566,88.0,0.716,7
263,Hajime no Ippo: THE FIGHTING!,Comedy,125367,Kaguya-sama wa Kokurasetai: Ultra Romantic,Kaguya-sama: Love is War -Ultra Romantic-,Comedy,A-1 Pictures,2022,89.0,5,0.6,0.7341,95.0,0.716,8
263,Hajime no Ippo: THE FIGHTING!,Comedy,820,Ginga Eiyuu Densetsu,Legend of the Galactic Heroes,Drama,Kitty Film,1988,88.0,5,0.6,0.8392,96.4,0.712,9
263,Hajime no Ippo: THE FIGHTING!,Comedy,136430,VINLAND SAGA SEASON 2,Vinland Saga Season 2,Action,MAPPA,2023,88.0,5,0.6,0.7726,96.0,0.712,10
820,Ginga Eiyuu Densetsu,Drama,172420,Uma Musume: Pretty Derby - Shin Jidai no Tobira,Umamusume: Pretty Derby - Beginning of a New Era,Drama,CygamesPictures,2024,87.0,4,1.0,0.8943,89.5,0.948,1
820,Ginga Eiyuu Densetsu,Drama,21698,Haikyuu!!: Karasuno Koukou VS Shiratorizawa Gakuen Koukou,HAIKYU!! 3rd Season,Comedy,Production I.G,2016,87.0,2,1.0,0.9219,87.5,0.948,2
820,Ginga Eiyuu Densetsu,Drama,154587,Sousou no Frieren,Frieren: Beyond Journey’s End,Adventure,MADHOUSE,2023,91.0,5,0.8,0.665,92.0,0.844,3
820,Ginga Eiyuu Densetsu,Drama,114129,Gintama: THE FINAL,Gintama: THE VERY FINAL,Action,Bandai Namco Pictures,2021,91.0,5,0.6,0.6654,99.4,0.724,4
820,Ginga Eiyuu Densetsu,Drama,171627,Chainsaw Man: Reze-hen,Chainsaw Man – The Movie: Reze Arc,Action,MAPPA,2025,90.0,5,0.6,0.6898,98.8,0.72,5
820,Ginga Eiyuu Densetsu,Drama,20996,Gintama°,Gintama Season 3,Action,Bandai Namco Pictures,2015,90.0,5,0.6,0.7406,95.4,0.72,6
820,Ginga Eiyuu Densetsu,Drama,124194,Fruits Basket: The Final,Fruits Basket The Final Season,Comedy,TMS Entertainment,2021,89.0,5,0.6,0.8566,88.0,0.716,7
820,Ginga Eiyuu Densetsu,Drama,136430,VINLAND SAGA SEASON 2,Vinland Saga Season 2,Action,MAPPA,2023,88.0,5,0.6,0.7726,96.0,0.712,8
820,Ginga Eiyuu Densetsu,Drama,161645,Kusuriya no Hitorigoto,The Apothecary Diaries,Drama,OLM,2023,88.0,5,0.6,0.7431,60.6,0.712,9
820,Ginga Eiyuu Densetsu,Drama,4181,CLANNAD: After Story,Clannad: After Story,Drama,Kyoto Animation,2008,87.0,5,0.6,0.5872,92.8,0.708,10
2904,Code Geass: Hangyaku no Lelouch R2,Action,172420,Uma Musume: Pretty Derby - Shin Jidai no Tobira,Umamusume: Pretty Derby - Beginning of a New Era,Drama,CygamesPictures,2024,87.0,4,1.0,0.8943,89.5,0.948,1
2904,Code Geass: Hangyaku no Lelouch R2,Action,21698,Haikyuu!!: Karasuno Koukou VS Shiratorizawa Gakuen Koukou,HAIKYU!! 3rd Season,Comedy,Production I.G,2016,87.0,2,1.0,0.9219,87.5,0.948,2
2904,Code Geass: Hangyaku no Lelouch R2,Action,154587,Sousou no Frieren,Frieren: Beyond Journey’s End,Adventure,MADHOUSE,2023,91.0,5,0.8,0.665,92.0,0.844,3
2904,Code Geass: Hangyaku no Lelouch R2,Action,182896,Boku no Hero Academia FINAL SEASON,My Hero Academia FINAL SEASON,Action,bones film,2025,87.0,5,0.8,0.7265,93.8,0.828,4
2904,Code Geass: Hangyaku no Lelouch R2,Action,114129,Gintama: THE FINAL,Gintama: THE VERY FINAL,Action,Bandai Namco Pictures,2021,91.0,5,0.6,0.6654,99.4,0.724,5
2904,Code Geass: Hangyaku no Lelouch R2,Action,20996,Gintama°,Gintama Season 3,Action,Bandai Namco Pictures,2015,90.0,5,0.6,0.7406,95.4,0.72,6
2904,Code Geass: Hangyaku no Lelouch R2,Action,171627,Chainsaw Man: Reze-hen,Chainsaw Man – The Movie: Reze Arc,Action,MAPPA,2025,90.0,5,0.6,0.6898,98.8,0.72,7
2904,Code Geass: Hangyaku no Lelouch R2,Action,124194,Fruits Basket: The Final,Fruits Basket The Final Season,Comedy,TMS Entertainment,2021,89.0,5,0.6,0.8566,88.0,0.716,8
2904,Code Geass: Hangyaku no Lelouch R2,Action,161645,Kusuriya no Hitorigoto,The Apothecary Diaries,Drama,OLM,2023,88.0,5,0.6,0.7431,60.6,0.712,9
2904,Code Geass: Hangyaku no Lelouch R2,Action,136430,VINLAND SAGA SEASON 2,Vinland Saga Season 2,Action,MAPPA,2023,88.0,5,0.6,0.7726,96.0,0.712,10
2921,Ashita no Joe 2,Action,172420,Uma Musume: Pretty Derby - Shin Jidai no Tobira,Umamusume: Pretty Derby - Beginning of a New Era,Drama,CygamesPictures,2024,87.0,4,1.0,0.8943,89.5,0.948,1
2921,Ashita no Joe 2,Action,21698,Haikyuu!!: Karasuno Koukou VS Shiratorizawa Gakuen Koukou,HAIKYU!! 3rd Season,Comedy,Production I.G,2016,87.0,2,1.0,0.9219,87.5,0.948,2
2921,Ashita no Joe 2,Action,154587,Sousou no Frieren,Frieren: Beyond Journey’s End,Adventure,MADHOUSE,2023,91.0,5,0.8,0.665,92.0,0.844,3
2921,Ashita no Joe 2,Action,182896,Boku no Hero Academia FINAL SEASON,My Hero Academia FINAL SEASON,Action,bones film,2025,87.0,5,0.8,0.7265,93.8,0.828,4
2921,Ashita no Joe 2,Action,114129,Gintama: THE FINAL,Gintama: THE VERY FINAL,Action,Bandai Namco Pictures,2021,91.0,5,0.6,0.6654,99.4,0.724,5
2921,Ashita no Joe 2,Action,171627,Chainsaw Man: Reze-hen,Chainsaw Man – The Movie: Reze Arc,Action,MAPPA,2025,90.0,5,0.6,0.6898,98.8,0.72,6
2921,Ashita no Joe 2,Action,20996,Gintama°,Gintama Season 3,Action,Bandai Namco Pictures,2015,90.0,5,0.6,0.7406,95.4,0.72,7
2921,Ashita no Joe 2,Action,125367,Kaguya-sama wa Kokurasetai: Ultra Romantic,Kaguya-sama: Love is War -Ultra Romantic-,Comedy,A-1 Pictures,2022,89.0,5,0.6,0.7341,95.0,0.716,8
2921,Ashita no Joe 2,Action,124194,Fruits Basket: The Final,Fruits Basket The Final Season,Comedy,TMS Entertainment,2021,89.0,5,0.6,0.8566,88.0,0.716,9
2921,Ashita no Joe 2,Action,136430,VINLAND SAGA SEASON 2,Vinland Saga Season 2,Action,MAPPA,2023,88.0,5,0.6,0.7726,96.0,0.712,10
4181,CLANNAD: After Story,Drama,172420,Uma Musume: Pretty Derby - Shin Jidai no Tobira,Umamusume: Pretty Derby - Beginning of a New Era,Drama,CygamesPictures,2024,87.0,4,1.0,0.8943,89.5,0.948,1
4181,CLANNAD: After Story,Drama,21698,Haikyuu!!: Karasuno Koukou VS Shiratorizawa Gakuen Koukou,HAIKYU!! 3rd Season,Comedy,Production I.G,2016,87.0,2,1.0,0.9219,87.5,0.948,2
4181,CLANNAD: After Story,Drama,154587,Sousou no Frieren,Frieren: Beyond Journey’s End,Adventure,MADHOUSE,2023,91.0,5,0.8,0.665,92.0,0.844,3
4181,CLANNAD: After Story,Drama,114129,Gintama: THE FINAL,Gintama: THE VERY FINAL,Action,Bandai Namco Pictures,2021,91.0,5,0.6,0.6654,99.4,0.724,4
4181,CLANNAD: After Story,Drama,171627,Chainsaw Man: Reze-hen,Chainsaw Man – The Movie: Reze Arc,Action,MAPPA,2025,90.0,5,0.6,0.6898,98.8,0.72,5
4181,CLANNAD: After Story,Drama,20996,Gintama°,Gintama Season 3,Action,Bandai Namco Pictures,2015,90.0,5,0.6,0.7406,95.4,0.72,6
4181,CLANNAD: After Story,Drama,125367,Kaguya-sama wa Kokurasetai: Ultra Romantic,Kaguya-sama: Love is War -Ultra Romantic-,Comedy,A-1 Pictures,2022,89.0,5,0.6,0.7341,95.0,0.716,7
4181,CLANNAD: After Story,Drama,124194,Fruits Basket: The Final,Fruits Basket The Final Season,Comedy,TMS Entertainment,2021,89.0,5,0.6,0.8566,88.0,0.716,8
4181,CLANNAD: After Story,Drama,820,Ginga Eiyuu Densetsu,Legend of the Galactic Heroes,Drama,Kitty Film,1988,88.0,5,0.6,0.8392,96.4,0.712,9
4181,CLANNAD: After Story,Drama,136430,VINLAND SAGA SEASON 2,Vinland Saga Season 2,Action,MAPPA,2023,88.0,5,0.6,0.7726,96.0,0.712,10
5114,Hagane no Renkinjutsushi: FULLMETAL ALCHEMIST,Action,172420,Uma Musume: Pretty Derby - Shin Jidai no Tobira,Umamusume: Pretty Derby - Beginning of a New Era,Drama,CygamesPictures,2024,87.0,4,1.0,0.8943,89.5,0.948,1
5114,Hagane no Renkinjutsushi: FULLMETAL ALCHEMIST,Action,21698,Haikyuu!!: Karasuno Koukou VS Shiratorizawa Gakuen Koukou,HAIKYU!! 3rd Season,Comedy,Production I.G,2016,87.0,2,1.0,0.9219,87.5,0.948,2
5114,Hagane no Renkinjutsushi: FULLMETAL ALCHEMIST,Action,154587,Sousou no Frieren,Frieren: Beyond Journey’s End,Adventure,MADHOUSE,2023,91.0,5,0.8,0.665,92.0,0.844,3
5114,Hagane no Renkinjutsushi: FULLMETAL ALCHEMIST,Action,182896,Boku no Hero Academia FINAL SEASON,My Hero Academia FINAL SEASON,Action,bones film,2025,87.0,5,0.8,0.7265,93.8,0.828,4
5114,Hagane no Renkinjutsushi: FULLMETAL ALCHEMIST,Action,114129,Gintama: THE FINAL,Gintama: THE VERY FINAL,Action,Bandai Namco Pictures,2021,91.0,5,0.6,0.6654,99.4,0.724,5
5114,Hagane no Renkinjutsushi: FULLMETAL ALCHEMIST,Action,20996,Gintama°,Gintama Season 3,Action,Bandai Namco Pictures,2015,90.0,5,0.6,0.7406,95.4,0.72,6
5114,Hagane no Renkinjutsushi: FULLMETAL ALCHEMIST,Action,171627,Chainsaw Man: Reze-hen,Chainsaw Man – The Movie: Reze Arc,Action,MAPPA,2025,90.0,5,0.6,0.6898,98.8,0.72,7
5114,Hagane no Renkinjutsushi: FULLMETAL ALCHEMIST,Action,124194,Fruits Basket: The Final,Fruits Basket The Final Season,Comedy,TMS Entertainment,2021,89.0,5,0.6,0.8566,88.0,0.716,8
5114,Hagane no Renkinjutsushi: FULLMETAL ALCHEMIST,Action,136430,VINLAND SAGA SEASON 2,Vinland Saga Season 2,Action,MAPPA,2023,88.0,5,0.6,0.7726,96.0,0.712,9
5114,Hagane no Renkinjutsushi: FULLMETAL ALCHEMIST,Action,161645,Kusuriya no Hitorigoto,The Apothecary Diaries,Drama,OLM,2023,88.0,5,0.6,0.7431,60.6,0.712,10
9253,Steins;Gate,Drama,172420,Uma Musume: Pretty Derby - Shin Jidai no Tobira,Umamusume: Pretty Derby - Beginning of a New Era,Drama,CygamesPictures,2024,87.0,4,1.0,0.8943,89.5,0.948,1
9253,Steins;Gate,Drama,21698,Haikyuu!!: Karasuno Koukou VS Shiratorizawa Gakuen Koukou,HAIKYU!! 3rd Season,Comedy,Production I.G,2016,87.0,2,1.0,0.9219,87.5,0.948,2
9253,Steins;Gate,Drama,154587,Sousou no Frieren,Frieren: Beyond Journey’s End,Adventure,MADHOUSE,2023,91.0,5,0.8,0.665,92.0,0.844,3
9253,Steins;Gate,Drama,114129,Gintama: THE FINAL,Gintama: THE VERY FINAL,Action,Bandai Namco Pictures,2021,91.0,5,0.6,0.6654,99.4,0.724,4
9253,Steins;Gate,Drama,20996,Gintama°,Gintama Season 3,Action,Bandai Namco Pictures,2015,90.0,5,0.6,0.7406,95.4,0.72,5
9253,Steins;Gate,Drama,171627,Chainsaw Man: Reze-hen,Chainsaw Man – The Movie: Reze Arc,Action,MAPPA,2025,90.0,5,0.6,0.6898,98.8,0.72,6
9253,Steins;Gate,Drama,124194,Fruits Basket: The Final,Fruits Basket The Final Season,Comedy,TMS Entertainment,2021,89.0,5,0.6,0.8566,88.0,0.716,7
9253,Steins;Gate,Drama,125367,Kaguya-sama wa Kokurasetai: Ultra Romantic,Kaguya-sama: Love is War -Ultra Romantic-,Comedy,A-1 Pictures,2022,89.0,5,0.6,0.7341,95.0,0.716,8
9253,Steins;Gate,Drama,136430,VINLAND SAGA SEASON 2,Vinland Saga Season 2,Action,MAPPA,2023,88.0,5,0.6,0.7726,96.0,0.712,9
9253,Steins;Gate,Drama,820,Ginga Eiyuu Densetsu,Legend of the Galactic Heroes,Drama,Kitty Film,1988,88.0,5,0.6,0.8392,96.4,0.712,10
9969,Gintama',Action,172420,Uma Musume: Pretty Derby - Shin Jidai no Tobira,Umamusume: Pretty Derby - Beginning of a New Era,Drama,CygamesPictures,2024,87.0,4,1.0,0.8943,89.5,0.948,1
9969,Gintama',Action,21698,Haikyuu!!: Karasuno Koukou VS Shiratorizawa Gakuen Koukou,HAIKYU!! 3rd Season,Comedy,Production I.G,2016,87.0,2,1.0,0.9219,87.5,0.948,2
9969,Gintama',Action,154587,Sousou no Frieren,Frieren: Beyond Journey’s End,Adventure,MADHOUSE,2023,91.0,5,0.8,0.665,92.0,0.844,3
9969,Gintama',Action,182896,Boku no Hero Academia FINAL SEASON,My Hero Academia FINAL SEASON,Action,bones film,2025,87.0,5,0.8,0.7265,93.8,0.828,4
9969,Gintama',Action,114129,Gintama: THE FINAL,Gintama: THE VERY FINAL,Action,Bandai Namco Pictures,2021,91.0,5,0.6,0.6654,99.4,0.724,5
9969,Gintama',Action,20996,Gintama°,Gintama Season 3,Action,Bandai Namco Pictures,2015,90.0,5,0.6,0.7406,95.4,0.72,6
9969,Gintama',Action,171627,Chainsaw Man: Reze-hen,Chainsaw Man – The Movie: Reze Arc,Action,MAPPA,2025,90.0,5,0.6,0.6898,98.8,0.72,7
9969,Gintama',Action,124194,Fruits Basket: The Final,Fruits Basket The Final Season,Comedy,TMS Entertainment,2021,89.0,5,0.6,0.8566,88.0,0.716,8
9969,Gintama',Action,125367,Kaguya-sama wa Kokurasetai: Ultra Romantic,Kaguya-sama: Love is War -Ultra Romantic-,Comedy,A-1 Pictures,2022,89.0,5,0.6,0.7341,95.0,0.716,9
9969,Gintama',Action,136430,VINLAND SAGA SEASON 2,Vinland Saga Season 2,Action,MAPPA,2023,88.0,5,0.6,0.7726,96.0,0.712,10
11061,HUNTER×HUNTER (2011),Action,154587,Sousou no Frieren,Frieren: Beyond Journey’s End,Adventure,MADHOUSE,2023,91.0,5,0.8,0.665,92.0,0.844,1
11061,HUNTER×HUNTER (2011),Action,182896,Boku no Hero Academia FINAL SEASON,My Hero Academia FINAL SEASON,Action,bones film,2025,87.0,5,0.8,0.7265,93.8,0.828,2
11061,HUNTER×HUNTER (2011),Action,114129,Gintama: THE FINAL,Gintama: THE VERY FINAL,Action,Bandai Namco Pictures,2021,91.0,5,0.6,0.6654,99.4,0.724,3
11061,HUNTER×HUNTER (2011),Action,20996,Gintama°,Gintama Season 3,Action,Bandai Namco Pictures,2015,90.0,5,0.6,0.7406,95.4,0.72,4
11061,HUNTER×HUNTER (2011),Action,171627,Chainsaw Man: Reze-hen,Chainsaw Man – The Movie: Reze Arc,Action,MAPPA,2025,90.0,5,0.6,0.6898,98.8,0.72,5
11061,HUNTER×HUNTER (2011),Action,136430,VINLAND SAGA SEASON 2,Vinland Saga Season 2,Action,MAPPA,2023,88.0,5,0.6,0.7726,96.0,0.712,6
11061,HUNTER×HUNTER (2011),Action,182469,ONE PIECE FAN LETTER,ONE PIECE FAN LETTER,Action,Toei Animation,2024,90.0,2,0.5,0.8487,98.5,0.66,7
11061,HUNTER×HUNTER (2011),Action,9969,Gintama',Gintama Season 2,Action,Sunrise,2011,89.0,2,0.5,0.6388,84.0,0.656,8
11061,HUNTER×HUNTER (2011),Action,5114,Hagane no Renkinjutsushi: FULLMETAL ALCHEMIST,Fullmetal Alchemist: Brotherhood,Action,bones,2009,90.0,5,0.4,0.7638,95.4,0.6,9
11061,HUNTER×HUNTER (2011),Action,15417,Gintama': Enchousen,Gintama Season 2 Part 2,Action,Sunrise,2012,89.0,5,0.4,0.7366,90.6,0.596,10
15417,Gintama': Enchousen,Action,172420,Uma Musume: Pretty Derby - Shin Jidai no Tobira,Umamusume: Pretty Derby - Beginning of a New Era,Drama,CygamesPictures,2024,87.0,4,1.0,0.8943,89.5,0.948,1
15417,Gintama': Enchousen,Action,21698,Haikyuu!!: Karasuno Koukou VS Shiratorizawa Gakuen Koukou,HAIKYU!! 3rd Season,Comedy,Production I.G,2016,87.0,2,1.0,0.9219,87.5,0.948,2
15417,Gintama': Enchousen,Action,154587,Sousou no Frieren,Frieren: Beyond Journey’s End,Adventure,MADHOUSE,2023,91.0,5,0.8,0.665,92.0,0.844,3
15417,Gintama': Enchousen,Action,182896,Boku no Hero Academia FINAL SEASON,My Hero Academia FINAL SEASON,Action,bones film,2025,87.0,5,0.8,0.7265,93.8,0.828,4
15417,Gintama': Enchousen,Action,114129,Gintama: THE FINAL,Gintama: THE VERY FINAL,Action,Bandai Namco Pictures,2021,91.0,5,0.6,0.6654,99.4,0.724,5
15417,Gintama': Enchousen,Action,171627,Chainsaw Man: Reze-hen,Chainsaw Man – The Movie: Reze Arc,Action,MAPPA,2025,90.0,5,0.6,0.6898,98.8,0.72,6
15417,Gintama': Enchousen,Action,20996,Gintama°,Gintama Season 3,Action,Bandai Namco Pictures,2015,90.0,5,0.6,0.7406,95.4,0.72,7
15417,Gintama': Enchousen,Action,124194,Fruits Basket: The Final,Fruits Basket The Final Season,Comedy,TMS Entertainment,2021,89.0,5,0.6,0.8566,88.0,0.716,8
15417,Gintama': Enchousen,Action,125367,Kaguya-sama wa Kokurasetai: Ultra Romantic,Kaguya-sama: Love is War -Ultra Romantic-,Comedy,A-1 Pictures,2022,89.0,5,0.6,0.7341,95.0,0.716,9
15417,Gintama': Enchousen,Action,820,Ginga Eiyuu Densetsu,Legend of the Galactic Heroes,Drama,Kitty Film,1988,88.0,5,0.6,0.8392,96.4,0.712,10
17074,Monogatari Series: Second Season,Comedy,172420,Uma Musume: Pretty Derby - Shin Jidai no Tobira,Umamusume: Pretty Derby - Beginning of a New Era,Drama,CygamesPictures,2024,87.0,4,1.0,0.8943,89.5,0.948,1
17074,Monogatari Series: Second Season,Comedy,21698,Haikyuu!!: Karasuno Koukou VS Shiratorizawa Gakuen Koukou,HAIKYU!! 3rd Season,Comedy,Production I.G,2016,87.0,2,1.0,0.9219,87.5,0.948,2
17074,Monogatari Series: Second Season,Comedy,154587,Sousou no Frieren,Frieren: Beyond Journey’s End,Adventure,MADHOUSE,2023,91.0,5,0.8,0.665,92.0,0.844,3
17074,Monogatari Series: Second Season,Comedy,114129,Gintama: THE FINAL,Gintama: THE VERY FINAL,Action,Bandai Namco Pictures,2021,91.0,5,0.6,0.6654,99.4,0.724,4
17074,Monogatari Series: Second Season,Comedy,20996,Gintama°,Gintama Season 3,Action,Bandai Namco Pictures,2015,90.0,5,0.6,0.7406,95.4,0.72,5
17074,Monogatari Series: Second Season,Comedy,171627,Chainsaw Man: Reze-hen,Chainsaw Man – The Movie: Reze Arc,Action,MAPPA,2025,90.0,5,0.6,0.6898,98.8,0.72,6
17074,Monogatari Series: Second Season,Comedy,124194,Fruits Basket: The Final,Fruits Basket The Final Season,Comedy,TMS Entertainment,2021,89.0,5,0.6,0.8566,88.0,0.716,7
17074,Monogatari Series: Second Season,Comedy,125367,Kaguya-sama wa Kokurasetai: Ultra Romantic,Kaguya-sama: Love is War -Ultra Romantic-,Comedy,A-1 Pictures,2022,89.0,5,0.6,0.7341,95.0,0.716,8
17074,Monogatari Series: Second Season,Comedy,136430,VINLAND SAGA SEASON 2,Vinland Saga Season 2,Action,MAPPA,2023,88.0,5,0.6,0.7726,96.0,0.712,9
17074,Monogatari Series: Second Season,Comedy,820,Ginga Eiyuu Densetsu,Legend of the Galactic Heroes,Drama,Kitty Film,1988,88.0,5,0.6,0.8392,96.4,0.712,10
20954,Koe no Katachi,Drama,172420,Uma Musume: Pretty Derby - Shin Jidai no Tobira,Umamusume: Pretty Derby - Beginning of a New Era,Drama,CygamesPictures,2024,87.0,4,1.0,0.8943,89.5,0.948,1
20954,Koe no Katachi,Drama,21698,Haikyuu!!: Karasuno Koukou VS Shiratorizawa Gakuen Koukou,HAIKYU!! 3rd Season,Comedy,Production I.G,2016,87.0,2,1.0,0.9219,87.5,0.948,2
20954,Koe no Katachi,Drama,154587,Sousou no Frieren,Frieren: Beyond Journey’s End,Adventure,MADHOUSE,2023,91.0,5,0.8,0.665,92.0,0.844,3
20954,Koe no Katachi,Drama,114129,Gintama: THE FINAL,Gintama: THE VERY FINAL,Action,Bandai Namco Pictures,2021,91.0,5,0.6,0.6654,99.4,0.724,4
20954,Koe no Katachi,Drama,171627,Chainsaw Man: Reze-hen,Chainsaw Man – The Movie: Reze Arc,Action,MAPPA,2025,90.0,5,0.6,0.6898,98.8,0.72,5
20954,Koe no Katachi,Drama,20996,Gintama°,Gintama Season 3,Action,Bandai Namco Pictures,2015,90.0,5,0.6,0.7406,95.4,0.72,6
20954,Koe no Katachi,Drama,124194,Fruits Basket: The Final,Fruits Basket The Final Season,Comedy,TMS Entertainment,2021,89.0,5,0.6,0.8566,88.0,0.716,7
20954,Koe no Katachi,Drama,125367,Kaguya-sama wa Kokurasetai: Ultra Romantic,Kaguya-sama: Love is War -Ultra Romantic-,Comedy,A-1 Pictures,2022,89.0,5,0.6,0.7341,95.0,0.716,8
20954,Koe no Katachi,Drama,161645,Kusuriya no Hitorigoto,The Apothecary Diaries,Drama,OLM,2023,88.0,5,0.6,0.7431,60.6,0.712,9
20954,Koe no Katachi,Drama,820,Ginga Eiyuu Densetsu,Legend of the Galactic Heroes,Drama,Kitty Film,1988,88.0,5,0.6,0.8392,96.4,0.712,10
20996,Gintama°,Action,172420,Uma Musume: Pretty Derby - Shin Jidai no Tobira,Umamusume: Pretty Derby - Beginning of a New Era,Drama,CygamesPictures,2024,87.0,4,1.0,0.8943,89.5,0.948,1
20996,Gintama°,Action,21698,Haikyuu!!: Karasuno Koukou VS Shiratorizawa Gakuen Koukou,HAIKYU!! 3rd Season,Comedy,Production I.G,2016,87.0,2,1.0,0.9219,87.5,0.948,2
20996,Gintama°,Action,154587,Sousou no Frieren,Frieren: Beyond Journey’s End,Adventure,MADHOUSE,2023,91.0,5,0.8,0.665,92.0,0.844,3
20996,Gintama°,Action,182896,Boku no Hero Academia FINAL SEASON,My Hero Academia FINAL SEASON,Action,bones film,2025,87.0,5,0.8,0.7265,93.8,0.828,4
20996,Gintama°,Action,114129,Gintama: THE FINAL,Gintama: THE VERY FINAL,Action,Bandai Namco Pictures,2021,91.0,5,0.6,0.6654,99.4,0.724,5
20996,Gintama°,Action,171627,Chainsaw Man: Reze-hen,Chainsaw Man – The Movie: Reze Arc,Action,MAPPA,2025,90.0,5,0.6,0.6898,98.8,0.72,6
20996,Gintama°,Action,124194,Fruits Basket: The Final,Fruits Basket The Final Season,Comedy,TMS Entertainment,2021,89.0,5,0.6,0.8566,88.0,0.716,7
20996,Gintama°,Action,125367,Kaguya-sama wa Kokurasetai: Ultra Romantic,Kaguya-sama: Love is War -Ultra Romantic-,Comedy,A-1 Pictures,2022,89.0,5,0.6,0.7341,95.0,0.716,8
20996,Gintama°,Action,820,Ginga Eiyuu Densetsu,Legend of the Galactic Heroes,Drama,Kitty Film,1988,88.0,5,0.6,0.8392,96.4,0.712,9
20996,Gintama°,Action,161645,Kusuriya no Hitorigoto,The Apothecary Diaries,Drama,OLM,2023,88.0,5,0.6,0.7431,60.6,0.712,10
21400,Kizumonogatari III: Reiketsu-hen,Action,172420,Uma Musume: Pretty Derby - Shin Jidai no Tobira,Umamusume: Pretty Derby - Beginning of a New Era,Drama,CygamesPictures,2024,87.0,4,1.0,0.8943,89.5,0.948,1
21400,Kizumonogatari III: Reiketsu-hen,Action,21698,Haikyuu!!: Karasuno Koukou VS Shiratorizawa Gakuen Koukou,HAIKYU!! 3rd Season,Comedy,Production I.G,2016,87.0,2,1.0,0.9219,87.5,0.948,2
21400,Kizumonogatari III: Reiketsu-hen,Action,154587,Sousou no Frieren,Frieren: Beyond Journey’s End,Adventure,MADHOUSE,2023,91.0,5,0.8,0.665,92.0,0.844,3
21400,Kizumonogatari III: Reiketsu-hen,Action,182896,Boku no Hero Academia FINAL SEASON,My Hero Academia FINAL SEASON,Action,bones film,2025,87.0,5,0.8,0.7265,93.8,0.828,4
21400,Kizumonogatari III: Reiketsu-hen,Action,114129,Gintama: THE FINAL,Gintama: THE VERY FINAL,Action,Bandai Namco Pictures,2021,91.0,5,0.6,0.6654,99.4,0.724,5
21400,Kizumonogatari III: Reiketsu-hen,Action,20996,Gintama°,Gintama Season 3,Action,Bandai Namco Pictures,2015,90.0,5,0.6,0.7406,95.4,0.72,6
21400,Kizumonogatari III: Reiketsu-hen,Action,171627,Chainsaw Man: Reze-hen,Chainsaw Man – The Movie: Reze Arc,Action,MAPPA,2025,90.0,5,0.6,0.6898,98.8,0.72,7
21400,Kizumonogatari III: Reiketsu-hen,Action,124194,Fruits Basket: The Final,Fruits Basket The Final Season,Comedy,TMS Entertainment,2021,89.0,5,0.6,0.8566,88.0,0.716,8
21400,Kizumonogatari III: Reiketsu-hen,Action,125367,Kaguya-sama wa Kokurasetai: Ultra Romantic,Kaguya-sama: Love is War -Ultra Romantic-,Comedy,A-1 Pictures,2022,89.0,5,0.6,0.7341,95.0,0.716,9
21400,Kizumonogatari III: Reiketsu-hen,Action,136430,VINLAND SAGA SEASON 2,Vinland Saga Season 2,Action,MAPPA,2023,88.0,5,0.6,0.7726,96.0,0.712,10
21698,Haikyuu!!: Karasuno Koukou VS Shiratorizawa Gakuen Koukou,Comedy,172420,Uma Musume: Pretty Derby - Shin Jidai no Tobira,Umamusume: Pretty Derby - Beginning of a New Era,Drama,CygamesPictures,2024,87.0,4,1.0,0.8943,89.5,0.948,1
21698,Haikyuu!!: Karasuno Koukou VS Shiratorizawa Gakuen Koukou,Comedy,154587,Sousou no Frieren,Frieren: Beyond Journey’s End,Adventure,MADHOUSE,2023,91.0,5,0.8,0.665,92.0,0.844,2
21698,Haikyuu!!: Karasuno Koukou VS Shiratorizawa Gakuen Koukou,Comedy,114129,Gintama: THE FINAL,Gintama: THE VERY FINAL,Action,Bandai Namco Pictures,2021,91.0,5,0.6,0.6654,99.4,0.724,3
21698,Haikyuu!!: Karasuno Koukou VS Shiratorizawa Gakuen Koukou,Comedy,20996,Gintama°,Gintama Season 3,Action,Bandai Namco Pictures,2015,90.0,5,0.6,0.7406,95.4,0.72,4
21698,Haikyuu!!: Karasuno Koukou VS Shiratorizawa Gakuen Koukou,Comedy,171627,Chainsaw Man: Reze-hen,Chainsaw Man – The Movie: Reze Arc,Action,MAPPA,2025,90.0,5,0.6,0.6898,98.8,0.72,5
21698,Haikyuu!!: Karasuno Koukou VS Shiratorizawa Gakuen Koukou,Comedy,124194,Fruits Basket: The Final,Fruits Basket The Final Season,Comedy,TMS Entertainment,2021,89.0,5,0.6,0.8566,88.0,0.716,6
21698,Haikyuu!!: Karasuno Koukou VS Shiratorizawa Gakuen Koukou,Comedy,125367,Kaguya-sama wa Kokurasetai: Ultra Romantic,Kaguya-sama: Love is War -Ultra Romantic-,Comedy,A-1 Pictures,2022,89.0,5,0.6,0.7341,95.0,0.716,7
21698,Haikyuu!!: Karasuno Koukou VS Shiratorizawa Gakuen Koukou,Comedy,161645,Kusuriya no Hitorigoto,The Apothecary Diaries,Drama,OLM,2023,88.0,5,0.6,0.7431,60.6,0.712,8
21698,Haikyuu!!: Karasuno Koukou VS Shiratorizawa Gakuen Koukou,Comedy,820,Ginga Eiyuu Densetsu,Legend of the Galactic Heroes,Drama,Kitty Film,1988,88.0,5,0.6,0.8392,96.4,0.712,9
21698,Haikyuu!!: Karasuno Koukou VS Shiratorizawa Gakuen Koukou,Comedy,136430,VINLAND SAGA SEASON 2,Vinland Saga Season 2,Action,MAPPA,2023,88.0,5,0.6,0.7726,96.0,0.712,10
21745,Owarimonogatari (Ge),Comedy,172420,Uma Musume: Pretty Derby - Shin Jidai no Tobira,Umamusume: Pretty Derby - Beginning of a New Era,Drama,CygamesPictures,2024,87.0,4,1.0,0.8943,89.5,0.948,1
21745,Owarimonogatari (Ge),Comedy,21698,Haikyuu!!: Karasuno Koukou VS Shiratorizawa Gakuen Koukou,HAIKYU!! 3rd Season,Comedy,Production I.G,2016,87.0,2,1.0,0.9219,87.5,0.948,2
21745,Owarimonogatari (Ge),Comedy,114129,Gintama: THE FINAL,Gintama: THE VERY FINAL,Action,Bandai Namco Pictures,2021,91.0,5,0.6,0.6654,99.4,0.724,3
21745,Owarimonogatari (Ge),Comedy,20996,Gintama°,Gintama Season 3,Action,Bandai Namco Pictures,2015,90.0,5,0.6,0.7406,95.4,0.72,4
21745,Owarimonogatari (Ge),Comedy,171627,Chainsaw Man: Reze-hen,Chainsaw Man – The Movie: Reze Arc,Action,MAPPA,2025,90.0,5,0.6,0.6898,98.8,0.72,5
21745,Owarimonogatari (Ge),Comedy,125367,Kaguya-sama wa Kokurasetai: Ultra Romantic,Kaguya-sama: Love is War -Ultra Romantic-,Comedy,A-1 Pictures,2022,89.0,5,0.6,0.7341,95.0,0.716,6
21745,Owarimonogatari (Ge),Comedy,124194,Fruits Basket: The Final,Fruits Basket The Final Season,Comedy,TMS Entertainment,2021,89.0,5,0.6,0.8566,88.0,0.716,7
21745,Owarimonogatari (Ge),Comedy,161645,Kusuriya no Hitorigoto,The Apothecary Diaries,Drama,OLM,2023,88.0,5,0.6,0.7431,60.6,0.712,8
21745,Owarimonogatari (Ge),Comedy,130003,Bocchi the Rock!,BOCCHI THE ROCK!,Comedy,CloverWorks,2022,87.0,5,0.6,0.8155,86.8,0.708,9
21745,Owarimonogatari (Ge),Comedy,4181,CLANNAD: After Story,Clannad: After Story,Drama,Kyoto Animation,2008,87.0,5,0.6,0.5872,92.8,0.708,10
98478,3-gatsu no Lion 2nd Season,Drama,172420,Uma Musume: Pretty Derby - Shin Jidai no Tobira,Umamusume: Pretty Derby - Beginning of a New Era,Drama,CygamesPictures,2024,87.0,4,1.0,0.8943,89.5,0.948,1
98478,3-gatsu no Lion 2nd Season,Drama,21698,Haikyuu!!: Karasuno Koukou VS Shiratorizawa Gakuen Koukou,HAIKYU!! 3rd Season,Comedy,Production I.G,2016,87.0,2,1.0,0.9219,87.5,0.948,2
98478,3-gatsu no Lion 2nd Season,Drama,154587,Sousou no Frieren,Frieren: Beyond Journey’s End,Adventure,MADHOUSE,2023,91.0,5,0.8,0.665,92.0,0.844,3
98478,3-gatsu no Lion 2nd Season,Drama,114129,Gintama: THE FINAL,Gintama: THE VERY FINAL,Action,Bandai Namco Pictures,2021,91.0,5,0.6,0.6654,99.4,0.724,4
98478,3-gatsu no Lion 2nd Season,Drama,171627,Chainsaw Man: Reze-hen,Chainsaw Man – The Movie: Reze Arc,Action,MAPPA,2025,90.0,5,0.6,0.6898,98.8,0.72,5
98478,3-gatsu no Lion 2nd Season,Drama,20996,Gintama°,Gintama Season 3,Action,Bandai Namco Pictures,2015,90.0,5,0.6,0.7406,95.4,0.72,6
98478,3-gatsu no Lion 2nd Season,Drama,124194,Fruits Basket: The Final,Fruits Basket The Final Season,Comedy,TMS Entertainment,2021,89.0,5,0.6,0.8566,88.0,0.716,7
98478,3-gatsu no Lion 2nd Season,Drama,125367,Kaguya-sama wa Kokurasetai: Ultra Romantic,Kaguya-sama: Love is War -Ultra Romantic-,Comedy,A-1 Pictures,2022,89.0,5,0.6,0.7341,95.0,0.716,8
98478,3-gatsu no Lion 2nd Season,Drama,820,Ginga Eiyuu Densetsu,Legend of the Galactic Heroes,Drama,Kitty Film,1988,88.0,5,0.6,0.8392,96.4,0.712,9
98478,3-gatsu no Lion 2nd Season,Drama,161645,Kusuriya no Hitorigoto,The Apothecary Diaries,Drama,OLM,2023,88.0,5,0.6,0.7431,60.6,0.712,10
101338,Mob Psycho 100 II,Action,172420,Uma Musume: Pretty Derby - Shin Jidai no Tobira,Umamusume: Pretty Derby - Beginning of a New Era,Drama,CygamesPictures,2024,87.0,4,1.0,0.8943,89.5,0.948,1
101338,Mob Psycho 100 II,Action,21698,Haikyuu!!: Karasuno Koukou VS Shiratorizawa Gakuen Koukou,HAIKYU!! 3rd Season,Comedy,Production I.G,2016,87.0,2,1.0,0.9219,87.5,0.948,2
101338,Mob Psycho 100 II,Action,154587,Sousou no Frieren,Frieren: Beyond Journey’s End,Adventure,MADHOUSE,2023,91.0,5,0.8,0.665,92.0,0.844,3
101338,Mob Psycho 100 II,Action,182896,Boku no Hero Academia FINAL SEASON,My Hero Academia FINAL SEASON,Action,bones film,2025,87.0,5,0.8,0.7265,93.8,0.828,4
101338,Mob Psycho 100 II,Action,114129,Gintama: THE FINAL,Gintama: THE VERY FINAL,Action,Bandai Namco Pictures,2021,91.0,5,0.6,0.6654,99.4,0.724,5
101338,Mob Psycho 100 II,Action,20996,Gintama°,Gintama Season 3,Action,Bandai Namco Pictures,2015,90.0,5,0.6,0.7406,95.4,0.72,6
101338,Mob Psycho 100 II,Action,171627,Chainsaw Man: Reze-hen,Chainsaw Man – The Movie: Reze Arc,Action,MAPPA,2025,90.0,5,0.6,0.6898,98.8,0.72,7
101338,Mob Psycho 100 II,Action,124194,Fruits Basket: The Final,Fruits Basket The Final Season,Comedy,TMS Entertainment,2021,89.0,5,0.6,0.8566,88.0,0.716,8
101338,Mob Psycho 100 II,Action,125367,Kaguya-sama wa Kokurasetai: Ultra Romantic,Kaguya-sama: Love is War -Ultra Romantic-,Comedy,A-1 Pictures,2022,89.0,5,0.6,0.7341,95.0,0.716,9
101338,Mob Psycho 100 II,Action,820,Ginga Eiyuu Densetsu,Legend of the Galactic Heroes,Drama,Kitty Film,1988,88.0,5,0.6,0.8392,96.4,0.712,10
101348,VINLAND SAGA,Action,172420,Uma Musume: Pretty Derby - Shin Jidai no Tobira,Umamusume: Pretty Derby - Beginning of a New Era,Drama,CygamesPictures,2024,87.0,4,1.0,0.8943,89.5,0.948,1
101348,VINLAND SAGA,Action,21698,Haikyuu!!: Karasuno Koukou VS Shiratorizawa Gakuen Koukou,HAIKYU!! 3rd Season,Comedy,Production I.G,2016,87.0,2,1.0,0.9219,87.5,0.948,2
101348,VINLAND SAGA,Action,154587,Sousou no Frieren,Frieren: Beyond Journey’s End,Adventure,MADHOUSE,2023,91.0,5,0.8,0.665,92.0,0.844,3
101348,VINLAND SAGA,Action,182896,Boku no Hero Academia FINAL SEASON,My Hero Academia FINAL SEASON,Action,bones film,2025,87.0,5,0.8,0.7265,93.8,0.828,4
101348,VINLAND SAGA,Action,114129,Gintama: THE FINAL,Gintama: THE VERY FINAL,Action,Bandai Namco Pictures,2021,91.0,5,0.6,0.6654,99.4,0.724,5
101348,VINLAND SAGA,Action,20996,Gintama°,Gintama Season 3,Action,Bandai Namco Pictures,2015,90.0,5,0.6,0.7406,95.4,0.72,6
101348,VINLAND SAGA,Action,171627,Chainsaw Man: Reze-hen,Chainsaw Man – The Movie: Reze Arc,Action,MAPPA,2025,90.0,5,0.6,0.6898,98.8,0.72,7
101348,VINLAND SAGA,Action,124194,Fruits Basket: The Final,Fruits Basket The Final Season,Comedy,TMS Entertainment,2021,89.0,5,0.6,0.8566,88.0,0.716,8
101348,VINLAND SAGA,Action,820,Ginga Eiyuu Densetsu,Legend of the Galactic Heroes,Drama,Kitty Film,1988,88.0,5,0.6,0.8392,96.4,0.712,9
101348,VINLAND SAGA,Action,161645,Kusuriya no Hitorigoto,The Apothecary Diaries,Drama,OLM,2023,88.0,5,0.6,0.7431,60.6,0.712,10
103047,Violet Evergarden Movie,Drama,172420,Uma Musume: Pretty Derby - Shin Jidai no Tobira,Umamusume: Pretty Derby - Beginning of a New Era,Drama,CygamesPictures,2024,87.0,4,1.0,0.8943,89.5,0.948,1
103047,Violet Evergarden Movie,Drama,21698,Haikyuu!!: Karasuno Koukou VS Shiratorizawa Gakuen Koukou,HAIKYU!! 3rd Season,Comedy,Production I.G,2016,87.0,2,1.0,0.9219,87.5,0.948,2
103047,Violet Evergarden Movie,Drama,154587,Sousou no Frieren,Frieren: Beyond Journey’s End,Adventure,MADHOUSE,2023,91.0,5,0.8,0.665,92.0,0.844,3
103047,Violet Evergarden Movie,Drama,114129,Gintama: THE FINAL,Gintama: THE VERY FINAL,Action,Bandai Namco Pictures,2021,91.0,5,0.6,0.6654,99.4,0.724,4
103047,Violet Evergarden Movie,Drama,20996,Gintama°,Gintama Season 3,Action,Bandai Namco Pictures,2015,90.0,5,0.6,0.7406,95.4,0.72,5
103047,Violet Evergarden Movie,Drama,171627,Chainsaw Man: Reze-hen,Chainsaw Man – The Movie: Reze Arc,Action,MAPPA,2025,90.0,5,0.6,0.6898,98.8,0.72,6
103047,Violet Evergarden Movie,Drama,124194,Fruits Basket: The Final,Fruits Basket The Final Season,Comedy,TMS Entertainment,2021,89.0,5,0.6,0.8566,88.0,0.716,7
103047,Violet Evergarden Movie,Drama,125367,Kaguya-sama wa Kokurasetai: Ultra Romantic,Kaguya-sama: Love is War -Ultra Romantic-,Comedy,A-1 Pictures,2022,89.0,5,0.6,0.7341,95.0,0.716,8
103047,Violet Evergarden Movie,Drama,161645,Kusuriya no Hitorigoto,The Apothecary Diaries,Drama,OLM,2023,88.0,5,0.6,0.7431,60.6,0.712,9
103047,Violet Evergarden Movie,Drama,820,Ginga Eiyuu Densetsu,Legend of the Galactic Heroes,Drama,Kitty Film,1988,88.0,5,0.6,0.8392,96.4,0.712,10
104578,Shingeki no Kyojin Season 3 Part 2,Action,172420,Uma Musume: Pretty Derby - Shin Jidai no Tobira,Umamusume: Pretty Derby - Beginning of a New Era,Drama,CygamesPictures,2024,87.0,4,1.0,0.8943,89.5,0.948,1
104578,Shingeki no Kyojin Season 3 Part 2,Action,21698,Haikyuu!!: Karasuno Koukou VS Shiratorizawa Gakuen Koukou,HAIKYU!! 3rd Season,Comedy,Production I.G,2016,87.0,2,1.0,0.9219,87.5,0.948,2
104578,Shingeki no Kyojin Season 3 Part 2,Action,154587,Sousou no Frieren,Frieren: Beyond Journey’s End,Adventure,MADHOUSE,2023,91.0,5,0.8,0.665,92.0,0.844,3
104578,Shingeki no Kyojin Season 3 Part 2,Action,182896,Boku no Hero Academia FINAL SEASON,My Hero Academia FINAL SEASON,Action,bones film,2025,87.0,5,0.8,0.7265,93.8,0.828,4
104578,Shingeki no Kyojin Season 3 Part 2,Action,114129,Gintama: THE FINAL,Gintama: THE VERY FINAL,Action,Bandai Namco Pictures,2021,91.0,5,0.6,0.6654,99.4,0.724,5
104578,Shingeki no Kyojin Season 3 Part 2,Action,171627,Chainsaw Man: Reze-hen,Chainsaw Man – The Movie: Reze Arc,Action,MAPPA,2025,90.0,5,0.6,0.6898,98.8,0.72,6
104578,Shingeki no Kyojin Season 3 Part 2,Action,20996,Gintama°,Gintama Season 3,Action,Bandai Namco Pictures,2015,90.0,5,0.6,0.7406,95.4,0.72,7
104578,Shingeki no Kyojin Season 3 Part 2,Action,124194,Fruits Basket: The Final,Fruits Basket The Final Season,Comedy,TMS Entertainment,2021,89.0,5,0.6,0.8566,88.0,0.716,8
104578,Shingeki no Kyojin Season 3 Part 2,Action,820,Ginga Eiyuu Densetsu,Legend of the Galactic Heroes,Drama,Kitty Film,1988,88.0,5,0.6,0.8392,96.4,0.712,9
104578,Shingeki no Kyojin Season 3 Part 2,Action,161645,Kusuriya no Hitorigoto,The Apothecary Diaries,Drama,OLM,2023,88.0,5,0.6,0.7431,60.6,0.712,10
109731,Hibike! Euphonium 3,Drama,172420,Uma Musume: Pretty Derby - Shin Jidai no Tobira,Umamusume: Pretty Derby - Beginning of a New Era,Drama,CygamesPictures,2024,87.0,4,1.0,0.8943,89.5,0.948,1
109731,Hibike! Euphonium 3,Drama,21698,Haikyuu!!: Karasuno Koukou VS Shiratorizawa Gakuen Koukou,HAIKYU!! 3rd Season,Comedy,Production I.G,2016,87.0,2,1.0,0.9219,87.5,0.948,2
109731,Hibike! Euphonium 3,Drama,154587,Sousou no Frieren,Frieren: Beyond Journey’s End,Adventure,MADHOUSE,2023,91.0,5,0.8,0.665,92.0,0.844,3
109731,Hibike! Euphonium 3,Drama,114129,Gintama: THE FINAL,Gintama: THE VERY FINAL,Action,Bandai Namco Pictures,2021,91.0,5,0.6,0.6654,99.4,0.724,4
109731,Hibike! Euphonium 3,Drama,20996,Gintama°,Gintama Season 3,Action,Bandai Namco Pictures,2015,90.0,5,0.6,0.7406,95.4,0.72,5
109731,Hibike! Euphonium 3,Drama,171627,Chainsaw Man: Reze-hen,Chainsaw Man – The Movie: Reze Arc,Action,MAPPA,2025,90.0,5,0.6,0.6898,98.8,0.72,6
109731,Hibike! Euphonium 3,Drama,125367,Kaguya-sama wa Kokurasetai: Ultra Romantic,Kaguya-sama: Love is War -Ultra Romantic-,Comedy,A-1 Pictures,2022,89.0,5,0.6,0.7341,95.0,0.716,7
109731,Hibike! Euphonium 3,Drama,124194,Fruits Basket: The Final,Fruits Basket The Final Season,Comedy,TMS Entertainment,2021,89.0,5,0.6,0.8566,88.0,0.716,8
109731,Hibike! Euphonium 3,Drama,820,Ginga Eiyuu Densetsu,Legend of the Galactic Heroes,Drama,Kitty Film,1988,88.0,5,0.6,0.8392,96.4,0.712,9
109731,Hibike! Euphonium 3,Drama,161645,Kusuriya no Hitorigoto,The Apothecary Diaries,Drama,OLM,2023,88.0,5,0.6,0.7431,60.6,0.712,10
110277,Shingeki no Kyojin: The Final Season,Action,172420,Uma Musume: Pretty Derby - Shin Jidai no Tobira,Umamusume: Pretty Derby - Beginning of a New Era,Drama,CygamesPictures,2024,87.0,4,1.0,0.8943,89.5,0.948,1
110277,Shingeki no Kyojin: The Final Season,Action,21698,Haikyuu!!: Karasuno Koukou VS Shiratorizawa Gakuen Koukou,HAIKYU!! 3rd Season,Comedy,Production I.G,2016,87.0,2,1.0,0.9219,87.5,0.948,2
110277,Shingeki no Kyojin: The Final Season,Action,154587,Sousou no Frieren,Frieren: Beyond Journey’s End,Adventure,MADHOUSE,2023,91.0,5,0.8,0.665,92.0,0.844,3
110277,Shingeki no Kyojin: The Final Season,Action,182896,Boku no Hero Academia FINAL SEASON,My Hero Academia FINAL SEASON,Action,bones film,2025,87.0,5,0.8,0.7265,93.8,0.828,4
110277,Shingeki no Kyojin: The Final Season,Action,114129,Gintama: THE FINAL,Gintama: THE VERY FINAL,Action,Bandai Namco Pictures,2021,91.0,5,0.6,0.6654,99.4,0.724,5
110277,Shingeki no Kyojin: The Final Season,Action,20996,Gintama°,Gintama Season 3,Action,Bandai Namco Pictures,2015,90.0,5,0.6,0.7406,95.4,0.72,6
110277,Shingeki no Kyojin: The Final Season,Action,171627,Chainsaw Man: Reze-hen,Chainsaw Man – The Movie: Reze Arc,Action,MAPPA,2025,90.0,5,0.6,0.6898,98.8,0.72,7
110277,Shingeki no Kyojin: The Final Season,Action,124194,Fruits Basket: The Final,Fruits Basket The Final Season,Comedy,TMS Entertainment,2021,89.0,5,0.6,0.8566,88.0,0.716,8
110277,Shingeki no Kyojin: The Final Season,Action,161645,Kusuriya no Hitorigoto,The Apothecary Diaries,Drama,OLM,2023,88.0,5,0.6,0.7431,60.6,0.712,9
110277,Shingeki no Kyojin: The Final Season,Action,136430,VINLAND SAGA SEASON 2,Vinland Saga Season 2,Action,MAPPA,2023,88.0,5,0.6,0.7726,96.0,0.712,10
113024,Shoujo☆Kageki Revue Starlight Movie,Action,172420,Uma Musume: Pretty Derby - Shin Jidai no Tobira,Umamusume: Pretty Derby - Beginning of a New Era,Drama,CygamesPictures,2024,87.0,4,1.0,0.8943,89.5,0.948,1
113024,Shoujo☆Kageki Revue Starlight Movie,Action,21698,Haikyuu!!: Karasuno Koukou VS Shiratorizawa Gakuen Koukou,HAIKYU!! 3rd Season,Comedy,Production I.G,2016,87.0,2,1.0,0.9219,87.5,0.948,2
113024,Shoujo☆Kageki Revue Starlight Movie,Action,154587,Sousou no Frieren,Frieren: Beyond Journey’s End,Adventure,MADHOUSE,2023,91.0,5,0.8,0.665,92.0,0.844,3
113024,Shoujo☆Kageki Revue Starlight Movie,Action,182896,Boku no Hero Academia FINAL SEASON,My Hero Academia FINAL SEASON,Action,bones film,2025,87.0,5,0.8,0.7265,93.8,0.828,4
113024,Shoujo☆Kageki Revue Starlight Movie,Action,114129,Gintama: THE FINAL,Gintama: THE VERY FINAL,Action,Bandai Namco Pictures,2021,91.0,5,0.6,0.6654,99.4,0.724,5
113024,Shoujo☆Kageki Revue Starlight Movie,Action,20996,Gintama°,Gintama Season 3,Action,Bandai Namco Pictures,2015,90.0,5,0.6,0.7406,95.4,0.72,6
113024,Shoujo☆Kageki Revue Starlight Movie,Action,171627,Chainsaw Man: Reze-hen,Chainsaw Man – The Movie: Reze Arc,Action,MAPPA,2025,90.0,5,0.6,0.6898,98.8,0.72,7
113024,Shoujo☆Kageki Revue Starlight Movie,Action,124194,Fruits Basket: The Final,Fruits Basket The Final Season,Comedy,TMS Entertainment,2021,89.0,5,0.6,0.8566,88.0,0.716,8
113024,Shoujo☆Kageki Revue Starlight Movie,Action,125367,Kaguya-sama wa Kokurasetai: Ultra Romantic,Kaguya-sama: Love is War -Ultra Romantic-,Comedy,A-1 Pictures,2022,89.0,5,0.6,0.7341,95.0,0.716,9
113024,Shoujo☆Kageki Revue Starlight Movie,Action,820,Ginga Eiyuu Densetsu,Legend of the Galactic Heroes,Drama,Kitty Film,1988,88.0,5,0.6,0.8392,96.4,0.712,10
114129,Gintama: THE FINAL,Action,172420,Uma Musume: Pretty Derby - Shin Jidai no Tobira,Umamusume: Pretty Derby - Beginning of a New Era,Drama,CygamesPictures,2024,87.0,4,1.0,0.8943,89.5,0.948,1
114129,Gintama: THE FINAL,Action,21698,Haikyuu!!: Karasuno Koukou VS Shiratorizawa Gakuen Koukou,HAIKYU!! 3rd Season,Comedy,Production I.G,2016,87.0,2,1.0,0.9219,87.5,0.948,2
114129,Gintama: THE FINAL,Action,154587,Sousou no Frieren,Frieren: Beyond Journey’s End,Adventure,MADHOUSE,2023,91.0,5,0.8,0.665,92.0,0.844,3
114129,Gintama: THE FINAL,Action,182896,Boku no Hero Academia FINAL SEASON,My Hero Academia FINAL SEASON,Action,bones film,2025,87.0,5,0.8,0.7265,93.8,0.828,4
114129,Gintama: THE FINAL,Action,20996,Gintama°,Gintama Season 3,Action,Bandai Namco Pictures,2015,90.0,5,0.6,0.7406,95.4,0.72,5
114129,Gintama: THE FINAL,Action,171627,Chainsaw Man: Reze-hen,Chainsaw Man – The Movie: Reze Arc,Action,MAPPA,2025,90.0,5,0.6,0.6898,98.8,0.72,6
114129,Gintama: THE FINAL,Action,125367,Kaguya-sama wa Kokurasetai: Ultra Romantic,Kaguya-sama: Love is War -Ultra Romantic-,Comedy,A-1 Pictures,2022,89.0,5,0.6,0.7341,95.0,0.716,7
114129,Gintama: THE FINAL,Action,124194,Fruits Basket: The Final,Fruits Basket The Final Season,Comedy,TMS Entertainment,2021,89.0,5,0.6,0.8566,88.0,0.716,8
114129,Gintama: THE FINAL,Action,136430,VINLAND SAGA SEASON 2,Vinland Saga Season 2,Action,MAPPA,2023,88.0,5,0.6,0.7726,96.0,0.712,9
114129,Gintama: THE FINAL,Action,820,Ginga Eiyuu Densetsu,Legend of the Galactic Heroes,Drama,Kitty Film,1988,88.0,5,0.6,0.8392,96.4,0.712,10
116674,BLEACH: Sennen Kessen-hen,Action,154587,Sousou no Frieren,Frieren: Beyond Journey’s End,Adventure,MADHOUSE,2023,91.0,5,0.8,0.665,92.0,0.844,1
116674,BLEACH: Sennen Kessen-hen,Action,182896,Boku no Hero Academia FINAL SEASON,My Hero Academia FINAL SEASON,Action,bones film,2025,87.0,5,0.8,0.7265,93.8,0.828,2
116674,BLEACH: Sennen Kessen-hen,Action,114129,Gintama: THE FINAL,Gintama: THE VERY FINAL,Action,Bandai Namco Pictures,2021,91.0,5,0.6,0.6654,99.4,0.724,3
116674,BLEACH: Sennen Kessen-hen,Action,20996,Gintama°,Gintama Season 3,Action,Bandai Namco Pictures,2015,90.0,5,0.6,0.7406,95.4,0.72,4
116674,BLEACH: Sennen Kessen-hen,Action,171627,Chainsaw Man: Reze-hen,Chainsaw Man – The Movie: Reze Arc,Action,MAPPA,2025,90.0,5,0.6,0.6898,98.8,0.72,5
116674,BLEACH: Sennen Kessen-hen,Action,124194,Fruits Basket: The Final,Fruits Basket The Final Season,Comedy,TMS Entertainment,2021,89.0,5,0.6,0.8566,88.0,0.716,6
116674,BLEACH: Sennen Kessen-hen,Action,136430,VINLAND SAGA SEASON 2,Vinland Saga Season 2,Action,MAPPA,2023,88.0,5,0.6,0.7726,96.0,0.712,7
116674,BLEACH: Sennen Kessen-hen,Action,4181,CLANNAD: After Story,Clannad: After Story,Drama,Kyoto Animation,2008,87.0,5,0.6,0.5872,92.8,0.708,8
116674,BLEACH: Sennen Kessen-hen,Action,182469,ONE PIECE FAN LETTER,ONE PIECE FAN LETTER,Action,Toei Animation,2024,90.0,2,0.5,0.8487,98.5,0.66,9
116674,BLEACH: Sennen Kessen-hen,Action,9969,Gintama',Gintama Season 2,Action,Sunrise,2011,89.0,2,0.5,0.6388,84.0,0.656,10
124194,Fruits Basket: The Final,Comedy,172420,Uma Musume: Pretty Derby - Shin Jidai no Tobira,Umamusume: Pretty Derby - Beginning of a New Era,Drama,CygamesPictures,2024,87.0,4,1.0,0.8943,89.5,0.948,1
124194,Fruits Basket: The Final,Comedy,21698,Haikyuu!!: Karasuno Koukou VS Shiratorizawa Gakuen Koukou,HAIKYU!! 3rd Season,Comedy,Production I.G,2016,87.0,2,1.0,0.9219,87.5,0.948,2
124194,Fruits Basket: The Final,Comedy,154587,Sousou no Frieren,Frieren: Beyond Journey’s End,Adventure,MADHOUSE,2023,91.0,5,0.8,0.665,92.0,0.844,3
124194,Fruits Basket: The Final,Comedy,114129,Gintama: THE FINAL,Gintama: THE VERY FINAL,Action,Bandai Namco Pictures,2021,91.0,5,0.6,0.6654,99.4,0.724,4
124194,Fruits Basket: The Final,Comedy,171627,Chainsaw Man: Reze-hen,Chainsaw Man – The Movie: Reze Arc,Action,MAPPA,2025,90.0,5,0.6,0.6898,98.8,0.72,5
124194,Fruits Basket: The Final,Comedy,20996,Gintama°,Gintama Season 3,Action,Bandai Namco Pictures,2015,90.0,5,0.6,0.7406,95.4,0.72,6
124194,Fruits Basket: The Final,Comedy,125367,Kaguya-sama wa Kokurasetai: Ultra Romantic,Kaguya-sama: Love is War -Ultra Romantic-,Comedy,A-1 Pictures,2022,89.0,5,0.6,0.7341,95.0,0.716,7
124194,Fruits Basket: The Final,Comedy,136430,VINLAND SAGA SEASON 2,Vinland Saga Season 2,Action,MAPPA,2023,88.0,5,0.6,0.7726,96.0,0.712,8
124194,Fruits Basket: The Final,Comedy,820,Ginga Eiyuu Densetsu,Legend of the Galactic Heroes,Drama,Kitty Film,1988,88.0,5,0.6,0.8392,96.4,0.712,9
124194,Fruits Basket: The Final,Comedy,161645,Kusuriya no Hitorigoto,The Apothecary Diaries,Drama,OLM,2023,88.0,5,0.6,0.7431,60.6,0.712,10
125367,Kaguya-sama wa Kokurasetai: Ultra Romantic,Comedy,172420,Uma Musume: Pretty Derby - Shin Jidai no Tobira,Umamusume: Pretty Derby - Beginning of a New Era,Drama,CygamesPictures,2024,87.0,4,1.0,0.8943,89.5,0.948,1
125367,Kaguya-sama wa Kokurasetai: Ultra Romantic,Comedy,21698,Haikyuu!!: Karasuno Koukou VS Shiratorizawa Gakuen Koukou,HAIKYU!! 3rd Season,Comedy,Production I.G,2016,87.0,2,1.0,0.9219,87.5,0.948,2
125367,Kaguya-sama wa Kokurasetai: Ultra Romantic,Comedy,114129,Gintama: THE FINAL,Gintama: THE VERY FINAL,Action,Bandai Namco Pictures,2021,91.0,5,0.6,0.6654,99.4,0.724,3
125367,Kaguya-sama wa Kokurasetai: Ultra Romantic,Comedy,20996,Gintama°,Gintama Season 3,Action,Bandai Namco Pictures,2015,90.0,5,0.6,0.7406,95.4,0.72,4
125367,Kaguya-sama wa Kokurasetai: Ultra Romantic,Comedy,171627,Chainsaw Man: Reze-hen,Chainsaw Man – The Movie: Reze Arc,Action,MAPPA,2025,90.0,5,0.6,0.6898,98.8,0.72,5
125367,Kaguya-sama wa Kokurasetai: Ultra Romantic,Comedy,124194,Fruits Basket: The Final,Fruits Basket The Final Season,Comedy,TMS Entertainment,2021,89.0,5,0.6,0.8566,88.0,0.716,6
125367,Kaguya-sama wa Kokurasetai: Ultra Romantic,Comedy,109731,Hibike! Euphonium 3,Sound! Euphonium 3,Drama,Kyoto Animation,2024,87.0,5,0.6,0.7847,98.0,0.708,7
125367,Kaguya-sama wa Kokurasetai: Ultra Romantic,Comedy,130003,Bocchi the Rock!,BOCCHI THE ROCK!,Comedy,CloverWorks,2022,87.0,5,0.6,0.8155,86.8,0.708,8
125367,Kaguya-sama wa Kokurasetai: Ultra Romantic,Comedy,4181,CLANNAD: After Story,Clannad: After Story,Drama,Kyoto Animation,2008,87.0,5,0.6,0.5872,92.8,0.708,9
125367,Kaguya-sama wa Kokurasetai: Ultra Romantic,Comedy,9969,Gintama',Gintama Season 2,Action,Sunrise,2011,89.0,2,0.5,0.6388,84.0,0.656,10
128207,THE FIRST SLAM DUNK,Sports,172420,Uma Musume: Pretty Derby - Shin Jidai no Tobira,Umamusume: Pretty Derby - Beginning of a New Era,Drama,CygamesPictures,2024,87.0,4,1.0,0.8943,89.5,0.948,1
128207,THE FIRST SLAM DUNK,Sports,21698,Haikyuu!!: Karasuno Koukou VS Shiratorizawa Gakuen Koukou,HAIKYU!! 3rd Season,Comedy,Production I.G,2016,87.0,2,1.0,0.9219,87.5,0.948,2
128207,THE FIRST SLAM DUNK,Sports,263,Hajime no Ippo: THE FIGHTING!,Hajime no Ippo: The Fighting!,Comedy,MADHOUSE,2000,87.0,5,0.4,0.733,94.2,0.588,3
128207,THE FIRST SLAM DUNK,Sports,2921,Ashita no Joe 2,Tomorrow's Joe 2,Action,Tokyo Movie Shinsha,1980,88.0,5,0.2,0.6492,100.0,0.472,4
130003,Bocchi the Rock!,Comedy,172420,Uma Musume: Pretty Derby - Shin Jidai no Tobira,Umamusume: Pretty Derby - Beginning of a New Era,Drama,CygamesPictures,2024,87.0,4,1.0,0.8943,89.5,0.948,1
130003,Bocchi the Rock!,Comedy,21698,Haikyuu!!: Karasuno Koukou VS Shiratorizawa Gakuen Koukou,HAIKYU!! 3rd Season,Comedy,Production I.G,2016,87.0,2,1.0,0.9219,87.5,0.948,2
130003,Bocchi the Rock!,Comedy,114129,Gintama: THE FINAL,Gintama: THE VERY FINAL,Action,Bandai Namco Pictures,2021,91.0,5,0.6,0.6654,99.4,0.724,3
130003,Bocchi the Rock!,Comedy,20996,Gintama°,Gintama Season 3,Action,Bandai Namco Pictures,2015,90.0,5,0.6,0.7406,95.4,0.72,4
130003,Bocchi the Rock!,Comedy,125367,Kaguya-sama wa Kokurasetai: Ultra Romantic,Kaguya-sama: Love is War -Ultra Romantic-,Comedy,A-1 Pictures,2022,89.0,5,0.6,0.7341,95.0,0.716,5
130003,Bocchi the Rock!,Comedy,124194,Fruits Basket: The Final,Fruits Basket The Final Season,Comedy,TMS Entertainment,2021,89.0,5,0.6,0.8566,88.0,0.716,6
130003,Bocchi the Rock!,Comedy,4181,CLANNAD: After Story,Clannad: After Story,Drama,Kyoto Animation,2008,87.0,5,0.6,0.5872,92.8,0.708,7
130003,Bocchi the Rock!,Comedy,109731,Hibike! Euphonium 3,Sound! Euphonium 3,Drama,Kyoto Animation,2024,87.0,5,0.6,0.7847,98.0,0.708,8
130003,Bocchi the Rock!,Comedy,9969,Gintama',Gintama Season 2,Action,Sunrise,2011,89.0,2,0.5,0.6388,84.0,0.656,9
130003,Bocchi the Rock!,Comedy,98478,3-gatsu no Lion 2nd Season,March comes in like a lion Season 2,Drama,Shaft,2017,89.0,5,0.4,0.8012,88.6,0.596,10
131586,86: Eighty Six Part 2,Action,172420,Uma Musume: Pretty Derby - Shin Jidai no Tobira,Umamusume: Pretty Derby - Beginning of a New Era,Drama,CygamesPictures,2024,87.0,4,1.0,0.8943,89.5,0.948,1
131586,86: Eighty Six Part 2,Action,21698,Haikyuu!!: Karasuno Koukou VS Shiratorizawa Gakuen Koukou,HAIKYU!! 3rd Season,Comedy,Production I.G,2016,87.0,2,1.0,0.9219,87.5,0.948,2
131586,86: Eighty Six Part 2,Action,154587,Sousou no Frieren,Frieren: Beyond Journey’s End,Adventure,MADHOUSE,2023,91.0,5,0.8,0.665,92.0,0.844,3
131586,86: Eighty Six Part 2,Action,182896,Boku no Hero Academia FINAL SEASON,My Hero Academia FINAL SEASON,Action,bones film,2025,87.0,5,0.8,0.7265,93.8,0.828,4
131586,86: Eighty Six Part 2,Action,114129,Gintama: THE FINAL,Gintama: THE VERY FINAL,Action,Bandai Namco Pictures,2021,91.0,5,0.6,0.6654,99.4,0.724,5
131586,86: Eighty Six Part 2,Action,171627,Chainsaw Man: Reze-hen,Chainsaw Man – The Movie: Reze Arc,Action,MAPPA,2025,90.0,5,0.6,0.6898,98.8,0.72,6
131586,86: Eighty Six Part 2,Action,20996,Gintama°,Gintama Season 3,Action,Bandai Namco Pictures,2015,90.0,5,0.6,0.7406,95.4,0.72,7
131586,86: Eighty Six Part 2,Action,124194,Fruits Basket: The Final,Fruits Basket The Final Season,Comedy,TMS Entertainment,2021,89.0,5,0.6,0.8566,88.0,0.716,8
131586,86: Eighty Six Part 2,Action,161645,Kusuriya no Hitorigoto,The Apothecary Diaries,Drama,OLM,2023,88.0,5,0.6,0.7431,60.6,0.712,9
131586,86: Eighty Six Part 2,Action,136430,VINLAND SAGA SEASON 2,Vinland Saga Season 2,Action,MAPPA,2023,88.0,5,0.6,0.7726,96.0,0.712,10
136430,VINLAND SAGA SEASON 2,Action,172420,Uma Musume: Pretty Derby - Shin Jidai no Tobira,Umamusume: Pretty Derby - Beginning of a New Era,Drama,CygamesPictures,2024,87.0,4,1.0,0.8943,89.5,0.948,1
136430,VINLAND SAGA SEASON 2,Action,21698,Haikyuu!!: Karasuno Koukou VS Shiratorizawa Gakuen Koukou,HAIKYU!! 3rd Season,Comedy,Production I.G,2016,87.0,2,1.0,0.9219,87.5,0.948,2
136430,VINLAND SAGA SEASON 2,Action,154587,Sousou no Frieren,Frieren: Beyond Journey’s End,Adventure,MADHOUSE,2023,91.0,5,0.8,0.665,92.0,0.844,3
136430,VINLAND SAGA SEASON 2,Action,182896,Boku no Hero Academia FINAL SEASON,My Hero Academia FINAL SEASON,Action,bones film,2025,87.0,5,0.8,0.7265,93.8,0.828,4
136430,VINLAND SAGA SEASON 2,Action,114129,Gintama: THE FINAL,Gintama: THE VERY FINAL,Action,Bandai Namco Pictures,2021,91.0,5,0.6,0.6654,99.4,0.724,5
136430,VINLAND SAGA SEASON 2,Action,171627,Chainsaw Man: Reze-hen,Chainsaw Man – The Movie: Reze Arc,Action,MAPPA,2025,90.0,5,0.6,0.6898,98.8,0.72,6
136430,VINLAND SAGA SEASON 2,Action,20996,Gintama°,Gintama Season 3,Action,Bandai Namco Pictures,2015,90.0,5,0.6,0.7406,95.4,0.72,7
136430,VINLAND SAGA SEASON 2,Action,124194,Fruits Basket: The Final,Fruits Basket The Final Season,Comedy,TMS Entertainment,2021,89.0,5,0.6,0.8566,88.0,0.716,8
136430,VINLAND SAGA SEASON 2,Action,820,Ginga Eiyuu Densetsu,Legend of the Galactic Heroes,Drama,Kitty Film,1988,88.0,5,0.6,0.8392,96.4,0.712,9
136430,VINLAND SAGA SEASON 2,Action,161645,Kusuriya no Hitorigoto,The Apothecary Diaries,Drama,OLM,2023,88.0,5,0.6,0.7431,60.6,0.712,10
140439,Mob Psycho 100 III,Action,172420,Uma Musume: Pretty Derby - Shin Jidai no Tobira,Umamusume: Pretty Derby - Beginning of a New Era,Drama,CygamesPictures,2024,87.0,4,1.0,0.8943,89.5,0.948,1
140439,Mob Psycho 100 III,Action,21698,Haikyuu!!: Karasuno Koukou VS Shiratorizawa Gakuen Koukou,HAIKYU!! 3rd Season,Comedy,Production I.G,2016,87.0,2,1.0,0.9219,87.5,0.948,2
140439,Mob Psycho 100 III,Action,154587,Sousou no Frieren,Frieren: Beyond Journey’s End,Adventure,MADHOUSE,2023,91.0,5,0.8,0.665,92.0,0.844,3
140439,Mob Psycho 100 III,Action,182896,Boku no Hero Academia FINAL SEASON,My Hero Academia FINAL SEASON,Action,bones film,2025,87.0,5,0.8,0.7265,93.8,0.828,4
140439,Mob Psycho 100 III,Action,114129,Gintama: THE FINAL,Gintama: THE VERY FINAL,Action,Bandai Namco Pictures,2021,91.0,5,0.6,0.6654,99.4,0.724,5
140439,Mob Psycho 100 III,Action,20996,Gintama°,Gintama Season 3,Action,Bandai Namco Pictures,2015,90.0,5,0.6,0.7406,95.4,0.72,6
140439,Mob Psycho 100 III,Action,171627,Chainsaw Man: Reze-hen,Chainsaw Man – The Movie: Reze Arc,Action,MAPPA,2025,90.0,5,0.6,0.6898,98.8,0.72,7
140439,Mob Psycho 100 III,Action,124194,Fruits Basket: The Final,Fruits Basket The Final Season,Comedy,TMS Entertainment,2021,89.0,5,0.6,0.8566,88.0,0.716,8
140439,Mob Psycho 100 III,Action,125367,Kaguya-sama wa Kokurasetai: Ultra Romantic,Kaguya-sama: Love is War -Ultra Romantic-,Comedy,A-1 Pictures,2022,89.0,5,0.6,0.7341,95.0,0.716,9
140439,Mob Psycho 100 III,Action,136430,VINLAND SAGA SEASON 2,Vinland Saga Season 2,Action,MAPPA,2023,88.0,5,0.6,0.7726,96.0,0.712,10
146984,Shingeki no Kyojin: The Final Season - Kanketsu-hen Zenpen,Action,172420,Uma Musume: Pretty Derby - Shin Jidai no Tobira,Umamusume: Pretty Derby - Beginning of a New Era,Drama,CygamesPictures,2024,87.0,4,1.0,0.8943,89.5,0.948,1
146984,Shingeki no Kyojin: The Final Season - Kanketsu-hen Zenpen,Action,21698,Haikyuu!!: Karasuno Koukou VS Shiratorizawa Gakuen Koukou,HAIKYU!! 3rd Season,Comedy,Production I.G,2016,87.0,2,1.0,0.9219,87.5,0.948,2
146984,Shingeki no Kyojin: The Final Season - Kanketsu-hen Zenpen,Action,154587,Sousou no Frieren,Frieren: Beyond Journey’s End,Adventure,MADHOUSE,2023,91.0,5,0.8,0.665,92.0,0.844,3
146984,Shingeki no Kyojin: The Final Season - Kanketsu-hen Zenpen,Action,182896,Boku no Hero Academia FINAL SEASON,My Hero Academia FINAL SEASON,Action,bones film,2025,87.0,5,0.8,0.7265,93.8,0.828,4
146984,Shingeki no Kyojin: The Final Season - Kanketsu-hen Zenpen,Action,114129,Gintama: THE FINAL,Gintama: THE VERY FINAL,Action,Bandai Namco Pictures,2021,91.0,5,0.6,0.6654,99.4,0.724,5
146984,Shingeki no Kyojin: The Final Season - Kanketsu-hen Zenpen,Action,20996,Gintama°,Gintama Season 3,Action,Bandai Namco Pictures,2015,90.0,5,0.6,0.7406,95.4,0.72,6
146984,Shingeki no Kyojin: The Final Season - Kanketsu-hen Zenpen,Action,171627,Chainsaw Man: Reze-hen,Chainsaw Man – The Movie: Reze Arc,Action,MAPPA,2025,90.0,5,0.6,0.6898,98.8,0.72,7
146984,Shingeki no Kyojin: The Final Season - Kanketsu-hen Zenpen,Action,124194,Fruits Basket: The Final,Fruits Basket The Final Season,Comedy,TMS Entertainment,2021,89.0,5,0.6,0.8566,88.0,0.716,8
146984,Shingeki no Kyojin: The Final Season - Kanketsu-hen Zenpen,Action,125367,Kaguya-sama wa Kokurasetai: Ultra Romantic,Kaguya-sama: Love is War -Ultra Romantic-,Comedy,A-1 Pictures,2022,89.0,5,0.6,0.7341,95.0,0.716,9
146984,Shingeki no Kyojin: The Final Season - Kanketsu-hen Zenpen,Action,820,Ginga Eiyuu Densetsu,Legend of the Galactic Heroes,Drama,Kitty Film,1988,88.0,5,0.6,0.8392,96.4,0.712,10
151384,Kaguya-sama wa Kokurasetai: First Kiss wa Owaranai,Comedy,172420,Uma Musume: Pretty Derby - Shin Jidai no Tobira,Umamusume: Pretty Derby - Beginning of a New Era,Drama,CygamesPictures,2024,87.0,4,1.0,0.8943,89.5,0.948,1
151384,Kaguya-sama wa Kokurasetai: First Kiss wa Owaranai,Comedy,21698,Haikyuu!!: Karasuno Koukou VS Shiratorizawa Gakuen Koukou,HAIKYU!! 3rd Season,Comedy,Production I.G,2016,87.0,2,1.0,0.9219,87.5,0.948,2
151384,Kaguya-sama wa Kokurasetai: First Kiss wa Owaranai,Comedy,114129,Gintama: THE FINAL,Gintama: THE VERY FINAL,Action,Bandai Namco Pictures,2021,91.0,5,0.6,0.6654,99.4,0.724,3
151384,Kaguya-sama wa Kokurasetai: First Kiss wa Owaranai,Comedy,20996,Gintama°,Gintama Season 3,Action,Bandai Namco Pictures,2015,90.0,5,0.6,0.7406,95.4,0.72,4
151384,Kaguya-sama wa Kokurasetai: First Kiss wa Owaranai,Comedy,171627,Chainsaw Man: Reze-hen,Chainsaw Man – The Movie: Reze Arc,Action,MAPPA,2025,90.0,5,0.6,0.6898,98.8,0.72,5
151384,Kaguya-sama wa Kokurasetai: First Kiss wa Owaranai,Comedy,124194,Fruits Basket: The Final,Fruits Basket The Final Season,Comedy,TMS Entertainment,2021,89.0,5,0.6,0.8566,88.0,0.716,6
151384,Kaguya-sama wa Kokurasetai: First Kiss wa Owaranai,Comedy,125367,Kaguya-sama wa Kokurasetai: Ultra Romantic,Kaguya-sama: Love is War -Ultra Romantic-,Comedy,A-1 Pictures,2022,89.0,5,0.6,0.7341,95.0,0.716,7
151384,Kaguya-sama wa Kokurasetai: First Kiss wa Owaranai,Comedy,109731,Hibike! Euphonium 3,Sound! Euphonium 3,Drama,Kyoto Animation,2024,87.0,5,0.6,0.7847,98.0,0.708,8
151384,Kaguya-sama wa Kokurasetai: First Kiss wa Owaranai,Comedy,4181,CLANNAD: After Story,Clannad: After Story,Drama,Kyoto Animation,2008,87.0,5,0.6,0.5872,92.8,0.708,9
151384,Kaguya-sama wa Kokurasetai: First Kiss wa Owaranai,Comedy,130003,Bocchi the Rock!,BOCCHI THE ROCK!,Comedy,CloverWorks,2022,87.0,5,0.6,0.8155,86.8,0.708,10
154587,Sousou no Frieren,Adventure,172420,Uma Musume: Pretty Derby - Shin Jidai no Tobira,Umamusume: Pretty Derby - Beginning of a New Era,Drama,CygamesPictures,2024,87.0,4,1.0,0.8943,89.5,0.948,1
154587,Sousou no Frieren,Adventure,21698,Haikyuu!!: Karasuno Koukou VS Shiratorizawa Gakuen Koukou,HAIKYU!! 3rd Season,Comedy,Production I.G,2016,87.0,2,1.0,0.9219,87.5,0.948,2
154587,Sousou no Frieren,Adventure,182896,Boku no Hero Academia FINAL SEASON,My Hero Academia FINAL SEASON,Action,bones film,2025,87.0,5,0.8,0.7265,93.8,0.828,3
154587,Sousou no Frieren,Adventure,114129,Gintama: THE FINAL,Gintama: THE VERY FINAL,Action,Bandai Namco Pictures,2021,91.0,5,0.6,0.6654,99.4,0.724,4
154587,Sousou no Frieren,Adventure,171627,Chainsaw Man: Reze-hen,Chainsaw Man – The Movie: Reze Arc,Action,MAPPA,2025,90.0,5,0.6,0.6898,98.8,0.72,5
154587,Sousou no Frieren,Adventure,20996,Gintama°,Gintama Season 3,Action,Bandai Namco Pictures,2015,90.0,5,0.6,0.7406,95.4,0.72,6
154587,Sousou no Frieren,Adventure,124194,Fruits Basket: The Final,Fruits Basket The Final Season,Comedy,TMS Entertainment,2021,89.0,5,0.6,0.8566,88.0,0.716,7
154587,Sousou no Frieren,Adventure,820,Ginga Eiyuu Densetsu,Legend of the Galactic Heroes,Drama,Kitty Film,1988,88.0,5,0.6,0.8392,96.4,0.712,8
154587,Sousou no Frieren,Adventure,136430,VINLAND SAGA SEASON 2,Vinland Saga Season 2,Action,MAPPA,2023,88.0,5,0.6,0.7726,96.0,0.712,9
154587,Sousou no Frieren,Adventure,161645,Kusuriya no Hitorigoto,The Apothecary Diaries,Drama,OLM,2023,88.0,5,0.6,0.7431,60.6,0.712,10
161645,Kusuriya no Hitorigoto,Drama,172420,Uma Musume: Pretty Derby - Shin Jidai no Tobira,Umamusume: Pretty Derby - Beginning of a New Era,Drama,CygamesPictures,2024,87.0,4,1.0,0.8943,89.5,0.948,1
161645,Kusuriya no Hitorigoto,Drama,21698,Haikyuu!!: Karasuno Koukou VS Shiratorizawa Gakuen Koukou,HAIKYU!! 3rd Season,Comedy,Production I.G,2016,87.0,2,1.0,0.9219,87.5,0.948,2
161645,Kusuriya no Hitorigoto,Drama,154587,Sousou no Frieren,Frieren: Beyond Journey’s End,Adventure,MADHOUSE,2023,91.0,5,0.8,0.665,92.0,0.844,3
161645,Kusuriya no Hitorigoto,Drama,114129,Gintama: THE FINAL,Gintama: THE VERY FINAL,Action,Bandai Namco Pictures,2021,91.0,5,0.6,0.6654,99.4,0.724,4
161645,Kusuriya no Hitorigoto,Drama,20996,Gintama°,Gintama Season 3,Action,Bandai Namco Pictures,2015,90.0,5,0.6,0.7406,95.4,0.72,5
161645,Kusuriya no Hitorigoto,Drama,171627,Chainsaw Man: Reze-hen,Chainsaw Man – The Movie: Reze Arc,Action,MAPPA,2025,90.0,5,0.6,0.6898,98.8,0.72,6
161645,Kusuriya no Hitorigoto,Drama,124194,Fruits Basket: The Final,Fruits Basket The Final Season,Comedy,TMS Entertainment,2021,89.0,5,0.6,0.8566,88.0,0.716,7
161645,Kusuriya no Hitorigoto,Drama,820,Ginga Eiyuu Densetsu,Legend of the Galactic Heroes,Drama,Kitty Film,1988,88.0,5,0.6,0.8392,96.4,0.712,8
161645,Kusuriya no Hitorigoto,Drama,136430,VINLAND SAGA SEASON 2,Vinland Saga Season 2,Action,MAPPA,2023,88.0,5,0.6,0.7726,96.0,0.712,9
161645,Kusuriya no Hitorigoto,Drama,109731,Hibike! Euphonium 3,Sound! Euphonium 3,Drama,Kyoto Animation,2024,87.0,5,0.6,0.7847,98.0,0.708,10
162314,Shingeki no Kyojin: The Final Season - Kanketsu-hen Kouhen,Action,172420,Uma Musume: Pretty Derby - Shin Jidai no Tobira,Umamusume: Pretty Derby - Beginning of a New Era,Drama,CygamesPictures,2024,87.0,4,1.0,0.8943,89.5,0.948,1
162314,Shingeki no Kyojin: The Final Season - Kanketsu-hen Kouhen,Action,21698,Haikyuu!!: Karasuno Koukou VS Shiratorizawa Gakuen Koukou,HAIKYU!! 3rd Season,Comedy,Production I.G,2016,87.0,2,1.0,0.9219,87.5,0.948,2
162314,Shingeki no Kyojin: The Final Season - Kanketsu-hen Kouhen,Action,154587,Sousou no Frieren,Frieren: Beyond Journey’s End,Adventure,MADHOUSE,2023,91.0,5,0.8,0.665,92.0,0.844,3
162314,Shingeki no Kyojin: The Final Season - Kanketsu-hen Kouhen,Action,182896,Boku no Hero Academia FINAL SEASON,My Hero Academia FINAL SEASON,Action,bones film,2025,87.0,5,0.8,0.7265,93.8,0.828,4
162314,Shingeki no Kyojin: The Final Season - Kanketsu-hen Kouhen,Action,114129,Gintama: THE FINAL,Gintama: THE VERY FINAL,Action,Bandai Namco Pictures,2021,91.0,5,0.6,0.6654,99.4,0.724,5
162314,Shingeki no Kyojin: The Final Season - Kanketsu-hen Kouhen,Action,20996,Gintama°,Gintama Season 3,Action,Bandai Namco Pictures,2015,90.0,5,0.6,0.7406,95.4,0.72,6
162314,Shingeki no Kyojin: The Final Season - Kanketsu-hen Kouhen,Action,171627,Chainsaw Man: Reze-hen,Chainsaw Man – The Movie: Reze Arc,Action,MAPPA,2025,90.0,5,0.6,0.6898,98.8,0.72,7
162314,Shingeki no Kyojin: The Final Season - Kanketsu-hen Kouhen,Action,125367,Kaguya-sama wa Kokurasetai: Ultra Romantic,Kaguya-sama: Love is War -Ultra Romantic-,Comedy,A-1 Pictures,2022,89.0,5,0.6,0.7341,95.0,0.716,8
162314,Shingeki no Kyojin: The Final Season - Kanketsu-hen Kouhen,Action,124194,Fruits Basket: The Final,Fruits Basket The Final Season,Comedy,TMS Entertainment,2021,89.0,5,0.6,0.8566,88.0,0.716,9
162314,Shingeki no Kyojin: The Final Season - Kanketsu-hen Kouhen,Action,136430,VINLAND SAGA SEASON 2,Vinland Saga Season 2,Action,MAPPA,2023,88.0,5,0.6,0.7726,96.0,0.712,10
166216,Boku no Kokoro no Yabai Yatsu 2nd Season,Comedy,172420,Uma Musume: Pretty Derby - Shin Jidai no Tobira,Umamusume: Pretty Derby - Beginning of a New Era,Drama,CygamesPictures,2024,87.0,4,1.0,0.8943,89.5,0.948,1
166216,Boku no Kokoro no Yabai Yatsu 2nd Season,Comedy,21698,Haikyuu!!: Karasuno Koukou VS Shiratorizawa Gakuen Koukou,HAIKYU!! 3rd Season,Comedy,Production I.G,2016,87.0,2,1.0,0.9219,87.5,0.948,2
166216,Boku no Kokoro no Yabai Yatsu 2nd Season,Comedy,114129,Gintama: THE FINAL,Gintama: THE VERY FINAL,Action,Bandai Namco Pictures,2021,91.0,5,0.6,0.6654,99.4,0.724,3
166216,Boku no Kokoro no Yabai Yatsu 2nd Season,Comedy,171627,Chainsaw Man: Reze-hen,Chainsaw Man – The Movie: Reze Arc,Action,MAPPA,2025,90.0,5,0.6,0.6898,98.8,0.72,4
166216,Boku no Kokoro no Yabai Yatsu 2nd Season,Comedy,20996,Gintama°,Gintama Season 3,Action,Bandai Namco Pictures,2015,90.0,5,0.6,0.7406,95.4,0.72,5
166216,Boku no Kokoro no Yabai Yatsu 2nd Season,Comedy,125367,Kaguya-sama wa Kokurasetai: Ultra Romantic,Kaguya-sama: Love is War -Ultra Romantic-,Comedy,A-1 Pictures,2022,89.0,5,0.6,0.7341,95.0,0.716,6
166216,Boku no Kokoro no Yabai Yatsu 2nd Season,Comedy,124194,Fruits Basket: The Final,Fruits Basket The Final Season,Comedy,TMS Entertainment,2021,89.0,5,0.6,0.8566,88.0,0.716,7
166216,Boku no Kokoro no Yabai Yatsu 2nd Season,Comedy,4181,CLANNAD: After Story,Clannad: After Story,Drama,Kyoto Animation,2008,87.0,5,0.6,0.5872,92.8,0.708,8
166216,Boku no Kokoro no Yabai Yatsu 2nd Season,Comedy,130003,Bocchi the Rock!,BOCCHI THE ROCK!,Comedy,CloverWorks,2022,87.0,5,0.6,0.8155,86.8,0.708,9
166216,Boku no Kokoro no Yabai Yatsu 2nd Season,Comedy,109731,Hibike! Euphonium 3,Sound! Euphonium 3,Drama,Kyoto Animation,2024,87.0,5,0.6,0.7847,98.0,0.708,10
171627,Chainsaw Man: Reze-hen,Action,172420,Uma Musume: Pretty Derby - Shin Jidai no Tobira,Umamusume: Pretty Derby - Beginning of a New Era,Drama,CygamesPictures,2024,87.0,4,1.0,0.8943,89.5,0.948,1
171627,Chainsaw Man: Reze-hen,Action,21698,Haikyuu!!: Karasuno Koukou VS Shiratorizawa Gakuen Koukou,HAIKYU!! 3rd Season,Comedy,Production I.G,2016,87.0,2,1.0,0.9219,87.5,0.948,2
171627,Chainsaw Man: Reze-hen,Action,154587,Sousou no Frieren,Frieren: Beyond Journey’s End,Adventure,MADHOUSE,2023,91.0,5,0.8,0.665,92.0,0.844,3
171627,Chainsaw Man: Reze-hen,Action,182896,Boku no Hero Academia FINAL SEASON,My Hero Academia FINAL SEASON,Action,bones film,2025,87.0,5,0.8,0.7265,93.8,0.828,4
171627,Chainsaw Man: Reze-hen,Action,114129,Gintama: THE FINAL,Gintama: THE VERY FINAL,Action,Bandai Namco Pictures,2021,91.0,5,0.6,0.6654,99.4,0.724,5
171627,Chainsaw Man: Reze-hen,Action,20996,Gintama°,Gintama Season 3,Action,Bandai Namco Pictures,2015,90.0,5,0.6,0.7406,95.4,0.72,6
171627,Chainsaw Man: Reze-hen,Action,125367,Kaguya-sama wa Kokurasetai: Ultra Romantic,Kaguya-sama: Love is War -Ultra Romantic-,Comedy,A-1 Pictures,2022,89.0,5,0.6,0.7341,95.0,0.716,7
171627,Chainsaw Man: Reze-hen,Action,124194,Fruits Basket: The Final,Fruits Basket The Final Season,Comedy,TMS Entertainment,2021,89.0,5,0.6,0.8566,88.0,0.716,8
171627,Chainsaw Man: Reze-hen,Action,136430,VINLAND SAGA SEASON 2,Vinland Saga Season 2,Action,MAPPA,2023,88.0,5,0.6,0.7726,96.0,0.712,9
171627,Chainsaw Man: Reze-hen,Action,161645,Kusuriya no Hitorigoto,The Apothecary Diaries,Drama,OLM,2023,88.0,5,0.6,0.7431,60.6,0.712,10
172420,Uma Musume: Pretty Derby - Shin Jidai no Tobira,Drama,21698,Haikyuu!!: Karasuno Koukou VS Shiratorizawa Gakuen Koukou,HAIKYU!! 3rd Season,Comedy,Production I.G,2016,87.0,2,1.0,0.9219,87.5,0.948,1
172420,Uma Musume: Pretty Derby - Shin Jidai no Tobira,Drama,154587,Sousou no Frieren,Frieren: Beyond Journey’s End,Adventure,MADHOUSE,2023,91.0,5,0.8,0.665,92.0,0.844,2
172420,Uma Musume: Pretty Derby - Shin Jidai no Tobira,Drama,114129,Gintama: THE FINAL,Gintama: THE VERY FINAL,Action,Bandai Namco Pictures,2021,91.0,5,0.6,0.6654,99.4,0.724,3
172420,Uma Musume: Pretty Derby - Shin Jidai no Tobira,Drama,171627,Chainsaw Man: Reze-hen,Chainsaw Man – The Movie: Reze Arc,Action,MAPPA,2025,90.0,5,0.6,0.6898,98.8,0.72,4
172420,Uma Musume: Pretty Derby - Shin Jidai no Tobira,Drama,20996,Gintama°,Gintama Season 3,Action,Bandai Namco Pictures,2015,90.0,5,0.6,0.7406,95.4,0.72,5
172420,Uma Musume: Pretty Derby - Shin Jidai no Tobira,Drama,125367,Kaguya-sama wa Kokurasetai: Ultra Romantic,Kaguya-sama: Love is War -Ultra Romantic-,Comedy,A-1 Pictures,2022,89.0,5,0.6,0.7341,95.0,0.716,6
172420,Uma Musume: Pretty Derby - Shin Jidai no Tobira,Drama,124194,Fruits Basket: The Final,Fruits Basket The Final Season,Comedy,TMS Entertainment,2021,89.0,5,0.6,0.8566,88.0,0.716,7
172420,Uma Musume: Pretty Derby - Shin Jidai no Tobira,Drama,161645,Kusuriya no Hitorigoto,The Apothecary Diaries,Drama,OLM,2023,88.0,5,0.6,0.7431,60.6,0.712,8
172420,Uma Musume: Pretty Derby - Shin Jidai no Tobira,Drama,820,Ginga Eiyuu Densetsu,Legend of the Galactic Heroes,Drama,Kitty Film,1988,88.0,5,0.6,0.8392,96.4,0.712,9
172420,Uma Musume: Pretty Derby - Shin Jidai no Tobira,Drama,136430,VINLAND SAGA SEASON 2,Vinland Saga Season 2,Action,MAPPA,2023,88.0,5,0.6,0.7726,96.0,0.712,10
176301,Kusuriya no Hitorigoto 2nd Season,Drama,172420,Uma Musume: Pretty Derby - Shin Jidai no Tobira,Umamusume: Pretty Derby - Beginning of a New Era,Drama,CygamesPictures,2024,87.0,4,1.0,0.8943,89.5,0.948,1
176301,Kusuriya no Hitorigoto 2nd Season,Drama,21698,Haikyuu!!: Karasuno Koukou VS Shiratorizawa Gakuen Koukou,HAIKYU!! 3rd Season,Comedy,Production I.G,2016,87.0,2,1.0,0.9219,87.5,0.948,2
176301,Kusuriya no Hitorigoto 2nd Season,Drama,154587,Sousou no Frieren,Frieren: Beyond Journey’s End,Adventure,MADHOUSE,2023,91.0,5,0.8,0.665,92.0,0.844,3
176301,Kusuriya no Hitorigoto 2nd Season,Drama,114129,Gintama: THE FINAL,Gintama: THE VERY FINAL,Action,Bandai Namco Pictures,2021,91.0,5,0.6,0.6654,99.4,0.724,4
176301,Kusuriya no Hitorigoto 2nd Season,Drama,171627,Chainsaw Man: Reze-hen,Chainsaw Man – The Movie: Reze Arc,Action,MAPPA,2025,90.0,5,0.6,0.6898,98.8,0.72,5
176301,Kusuriya no Hitorigoto 2nd Season,Drama,20996,Gintama°,Gintama Season 3,Action,Bandai Namco Pictures,2015,90.0,5,0.6,0.7406,95.4,0.72,6
176301,Kusuriya no Hitorigoto 2nd Season,Drama,124194,Fruits Basket: The Final,Fruits Basket The Final Season,Comedy,TMS Entertainment,2021,89.0,5,0.6,0.8566,88.0,0.716,7
176301,Kusuriya no Hitorigoto 2nd Season,Drama,161645,Kusuriya no Hitorigoto,The Apothecary Diaries,Drama,OLM,2023,88.0,5,0.6,0.7431,60.6,0.712,8
176301,Kusuriya no Hitorigoto 2nd Season,Drama,820,Ginga Eiyuu Densetsu,Legend of the Galactic Heroes,Drama,Kitty Film,1988,88.0,5,0.6,0.8392,96.4,0.712,9
176301,Kusuriya no Hitorigoto 2nd Season,Drama,136430,VINLAND SAGA SEASON 2,Vinland Saga Season 2,Action,MAPPA,2023,88.0,5,0.6,0.7726,96.0,0.712,10
178788,Kimetsu no Yaiba: Mugenjou-hen Movie 1 - Akaza Sairai,Action,172420,Uma Musume: Pretty Derby - Shin Jidai no Tobira,Umamusume: Pretty Derby - Beginning of a New Era,Drama,CygamesPictures,2024,87.0,4,1.0,0.8943,89.5,0.948,1
178788,Kimetsu no Yaiba: Mugenjou-hen Movie 1 - Akaza Sairai,Action,21698,Haikyuu!!: Karasuno Koukou VS Shiratorizawa Gakuen Koukou,HAIKYU!! 3rd Season,Comedy,Production I.G,2016,87.0,2,1.0,0.9219,87.5,0.948,2
178788,Kimetsu no Yaiba: Mugenjou-hen Movie 1 - Akaza Sairai,Action,154587,Sousou no Frieren,Frieren: Beyond Journey’s End,Adventure,MADHOUSE,2023,91.0,5,0.8,0.665,92.0,0.844,3
178788,Kimetsu no Yaiba: Mugenjou-hen Movie 1 - Akaza Sairai,Action,182896,Boku no Hero Academia FINAL SEASON,My Hero Academia FINAL SEASON,Action,bones film,2025,87.0,5,0.8,0.7265,93.8,0.828,4
178788,Kimetsu no Yaiba: Mugenjou-hen Movie 1 - Akaza Sairai,Action,114129,Gintama: THE FINAL,Gintama: THE VERY FINAL,Action,Bandai Namco Pictures,2021,91.0,5,0.6,0.6654,99.4,0.724,5
178788,Kimetsu no Yaiba: Mugenjou-hen Movie 1 - Akaza Sairai,Action,171627,Chainsaw Man: Reze-hen,Chainsaw Man – The Movie: Reze Arc,Action,MAPPA,2025,90.0,5,0.6,0.6898,98.8,0.72,6
178788,Kimetsu no Yaiba: Mugenjou-hen Movie 1 - Akaza Sairai,Action,20996,Gintama°,Gintama Season 3,Action,Bandai Namco Pictures,2015,90.0,5,0.6,0.7406,95.4,0.72,7
178788,Kimetsu no Yaiba: Mugenjou-hen Movie 1 - Akaza Sairai,Action,124194,Fruits Basket: The Final,Fruits Basket The Final Season,Comedy,TMS Entertainment,2021,89.0,5,0.6,0.8566,88.0,0.716,8
178788,Kimetsu no Yaiba: Mugenjou-hen Movie 1 - Akaza Sairai,Action,136430,VINLAND SAGA SEASON 2,Vinland Saga Season 2,Action,MAPPA,2023,88.0,5,0.6,0.7726,96.0,0.712,9
178788,Kimetsu no Yaiba: Mugenjou-hen Movie 1 - Akaza Sairai,Action,161645,Kusuriya no Hitorigoto,The Apothecary Diaries,Drama,OLM,2023,88.0,5,0.6,0.7431,60.6,0.712,10
182469,ONE PIECE FAN LETTER,Action,154587,Sousou no Frieren,Frieren: Beyond Journey’s End,Adventure,MADHOUSE,2023,91.0,5,0.8,0.665,92.0,0.844,1
182469,ONE PIECE FAN LETTER,Action,182896,Boku no Hero Academia FINAL SEASON,My Hero Academia FINAL SEASON,Action,bones film,2025,87.0,5,0.8,0.7265,93.8,0.828,2
182469,ONE PIECE FAN LETTER,Action,114129,Gintama: THE FINAL,Gintama: THE VERY FINAL,Action,Bandai Namco Pictures,2021,91.0,5,0.6,0.6654,99.4,0.724,3
182469,ONE PIECE FAN LETTER,Action,20996,Gintama°,Gintama Season 3,Action,Bandai Namco Pictures,2015,90.0,5,0.6,0.7406,95.4,0.72,4
182469,ONE PIECE FAN LETTER,Action,171627,Chainsaw Man: Reze-hen,Chainsaw Man – The Movie: Reze Arc,Action,MAPPA,2025,90.0,5,0.6,0.6898,98.8,0.72,5
182469,ONE PIECE FAN LETTER,Action,136430,VINLAND SAGA SEASON 2,Vinland Saga Season 2,Action,MAPPA,2023,88.0,5,0.6,0.7726,96.0,0.712,6
182469,ONE PIECE FAN LETTER,Action,9969,Gintama',Gintama Season 2,Action,Sunrise,2011,89.0,2,0.5,0.6388,84.0,0.656,7
182469,ONE PIECE FAN LETTER,Action,5114,Hagane no Renkinjutsushi: FULLMETAL ALCHEMIST,Fullmetal Alchemist: Brotherhood,Action,bones,2009,90.0,5,0.4,0.7638,95.4,0.6,8
182469,ONE PIECE FAN LETTER,Action,15417,Gintama': Enchousen,Gintama Season 2 Part 2,Action,Sunrise,2012,89.0,5,0.4,0.7366,90.6,0.596,9
182469,ONE PIECE FAN LETTER,Action,11061,HUNTER×HUNTER (2011),Hunter x Hunter (2011),Action,MADHOUSE,2011,89.0,5,0.4,0.8188,93.2,0.596,10
182896,Boku no Hero Academia FINAL SEASON,Action,154587,Sousou no Frieren,Frieren: Beyond Journey’s End,Adventure,MADHOUSE,2023,91.0,5,0.8,0.665,92.0,0.844,1
182896,Boku no Hero Academia FINAL SEASON,Action,114129,Gintama: THE FINAL,Gintama: THE VERY FINAL,Action,Bandai Namco Pictures,2021,91.0,5,0.6,0.6654,99.4,0.724,2
182896,Boku no Hero Academia FINAL SEASON,Action,171627,Chainsaw Man: Reze-hen,Chainsaw Man – The Movie: Reze Arc,Action,MAPPA,2025,90.0,5,0.6,0.6898,98.8,0.72,3
182896,Boku no Hero Academia FINAL SEASON,Action,20996,Gintama°,Gintama Season 3,Action,Bandai Namco Pictures,2015,90.0,5,0.6,0.7406,95.4,0.72,4
182896,Boku no Hero Academia FINAL SEASON,Action,136430,VINLAND SAGA SEASON 2,Vinland Saga Season 2,Action,MAPPA,2023,88.0,5,0.6,0.7726,96.0,0.712,5
182896,Boku no Hero Academia FINAL SEASON,Action,182469,ONE PIECE FAN LETTER,ONE PIECE FAN LETTER,Action,Toei Animation,2024,90.0,2,0.5,0.8487,98.5,0.66,6
182896,Boku no Hero Academia FINAL SEASON,Action,9969,Gintama',Gintama Season 2,Action,Sunrise,2011,89.0,2,0.5,0.6388,84.0,0.656,7
182896,Boku no Hero Academia FINAL SEASON,Action,5114,Hagane no Renkinjutsushi: FULLMETAL ALCHEMIST,Fullmetal Alchemist: Brotherhood,Action,bones,2009,90.0,5,0.4,0.7638,95.4,0.6,8
182896,Boku no Hero Academia FINAL SEASON,Action,15417,Gintama': Enchousen,Gintama Season 2 Part 2,Action,Sunrise,2012,89.0,5,0.4,0.7366,90.6,0.596,9
182896,Boku no Hero Academia FINAL SEASON,Action,11061,HUNTER×HUNTER (2011),Hunter x Hunter (2011),Action,MADHOUSE,2011,89.0,5,0.4,0.8188,93.2,0.596,10
185407,Takopii no Genzai,Drama,172420,Uma Musume: Pretty Derby - Shin Jidai no Tobira,Umamusume: Pretty Derby - Beginning of a New Era,Drama,CygamesPictures,2024,87.0,4,1.0,0.8943,89.5,0.948,1
185407,Takopii no Genzai,Drama,21698,Haikyuu!!: Karasuno Koukou VS Shiratorizawa Gakuen Koukou,HAIKYU!! 3rd Season,Comedy,Production I.G,2016,87.0,2,1.0,0.9219,87.5,0.948,2
185407,Takopii no Genzai,Drama,154587,Sousou no Frieren,Frieren: Beyond Journey’s End,Adventure,MADHOUSE,2023,91.0,5,0.8,0.665,92.0,0.844,3
185407,Takopii no Genzai,Drama,114129,Gintama: THE FINAL,Gintama: THE VERY FINAL,Action,Bandai Namco Pictures,2021,91.0,5,0.6,0.6654,99.4,0.724,4
185407,Takopii no Genzai,Drama,20996,Gintama°,Gintama Season 3,Action,Bandai Namco Pictures,2015,90.0,5,0.6,0.7406,95.4,0.72,5
185407,Takopii no Genzai,Drama,171627,Chainsaw Man: Reze-hen,Chainsaw Man – The Movie: Reze Arc,Action,MAPPA,2025,90.0,5,0.6,0.6898,98.8,0.72,6
185407,Takopii no Genzai,Drama,124194,Fruits Basket: The Final,Fruits Basket The Final Season,Comedy,TMS Entertainment,2021,89.0,5,0.6,0.8566,88.0,0.716,7
185407,Takopii no Genzai,Drama,125367,Kaguya-sama wa Kokurasetai: Ultra Romantic,Kaguya-sama: Love is War -Ultra Romantic-,Comedy,A-1 Pictures,2022,89.0,5,0.6,0.7341,95.0,0.716,8
185407,Takopii no Genzai,Drama,161645,Kusuriya no Hitorigoto,The Apothecary Diaries,Drama,OLM,2023,88.0,5,0.6,0.7431,60.6,0.712,9
185407,Takopii no Genzai,Drama,820,Ginga Eiyuu Densetsu,Legend of the Galactic Heroes,Drama,Kitty Film,1988,88.0,5,0.6,0.8392,96.4,0.712,10
